anomaly_id,entity_type,entity_code,anomaly_type,severity,description
e0ab3767-e58b-4252-aa25-1954f9f71011,transaction,T00100001,HIGH_TRANSACTION_AMOUNT,high,Transaction amount is significantly higher than normal behavioral range.
b2e781bb-e19e-4f7a-96f2-286bb88e8a02,transaction,T00100002,HIGH_TRANSACTION_AMOUNT,high,Transaction amount is significantly higher than normal behavioral range.
025f055b-ab92-42af-aac2-d95a0ef49c7b,transaction,T00100003,HIGH_TRANSACTION_AMOUNT,high,Transaction amount is significantly higher than normal behavioral range.
6a09c026-516b-41cd-95eb-5d732327127b,transaction,T00100004,HIGH_TRANSACTION_AMOUNT,high,Transaction amount is significantly higher than normal behavioral range.
0ddd2faf-82d8-4716-a162-db2a1ba6d37b,transaction,T00100005,HIGH_TRANSACTION_AMOUNT,high,Transaction amount is significantly higher than normal behavioral range.
413a2067-e5c2-4ff4-97f5-92bc633817f1,transaction,T00100006,HIGH_TRANSACTION_AMOUNT,high,Transaction amount is significantly higher than normal behavioral range.
bf2488be-3baa-49d8-81cd-89e1833e8948,transaction,T00100007,HIGH_TRANSACTION_AMOUNT,high,Transaction amount is significantly higher than normal behavioral range.
bc47bbed-1dd3-4407-bc5a-f9c585b85f5a,transaction,T00100008,HIGH_TRANSACTION_AMOUNT,high,Transaction amount is significantly higher than normal behavioral range.
53739c53-ad1c-433a-ace9-4dca250cc864,transaction,T00100009,HIGH_TRANSACTION_AMOUNT,high,Transaction amount is significantly higher than normal behavioral range.
2a42d5ce-62b2-4825-84d7-b934b71e3f03,transaction,T00100010,HIGH_TRANSACTION_AMOUNT,high,Transaction amount is significantly higher than normal behavioral range.
018075e8-57c9-40f5-96c7-7e3afdc9439f,transaction,T00100011,HIGH_TRANSACTION_AMOUNT,high,Transaction amount is significantly higher than normal behavioral range.
05ca216d-1e58-41ed-80ba-5db76f4fa714,transaction,T00100012,HIGH_TRANSACTION_AMOUNT,high,Transaction amount is significantly higher than normal behavioral range.
25b7326e-3815-49d0-9127-df9cfd249c44,transaction,T00100013,HIGH_TRANSACTION_AMOUNT,high,Transaction amount is significantly higher than normal behavioral range.
bc119e53-754d-4586-bd30-26831f064c91,transaction,T00100014,HIGH_TRANSACTION_AMOUNT,high,Transaction amount is significantly higher than normal behavioral range.
d9f4328e-d548-4f19-9a0f-c8372d5bbc97,transaction,T00100015,HIGH_TRANSACTION_AMOUNT,high,Transaction amount is significantly higher than normal behavioral range.
389de9c4-abc0-4498-9ae2-f951b2ecede3,transaction,T00100016,HIGH_TRANSACTION_AMOUNT,high,Transaction amount is significantly higher than normal behavioral range.
6d987edd-2de3-4568-88b6-15ab1f476852,transaction,T00100017,HIGH_TRANSACTION_AMOUNT,high,Transaction amount is significantly higher than normal behavioral range.
3c7c4191-6155-43eb-b75c-ec6843eb7252,transaction,T00100018,HIGH_TRANSACTION_AMOUNT,high,Transaction amount is significantly higher than normal behavioral range.
91daabd2-511c-4d89-8430-c95585778231,transaction,T00100019,HIGH_TRANSACTION_AMOUNT,high,Transaction amount is significantly higher than normal behavioral range.
a448a2c2-f06f-4ce8-812d-320d878fe683,transaction,T00100020,HIGH_TRANSACTION_AMOUNT,high,Transaction amount is significantly higher than normal behavioral range.
e99dc2fa-756f-4df9-aff9-96027ba05af6,transaction,T00100021,HIGH_TRANSACTION_AMOUNT,high,Transaction amount is significantly higher than normal behavioral range.
aa03ddd3-35f5-4287-8078-e816c3191945,transaction,T00100022,HIGH_TRANSACTION_AMOUNT,high,Transaction amount is significantly higher than normal behavioral range.
25055973-52d3-4da1-b8a2-92954d55e200,transaction,T00100023,HIGH_TRANSACTION_AMOUNT,high,Transaction amount is significantly higher than normal behavioral range.
6be34598-b4dd-4e86-aebd-a57170690029,transaction,T00100024,HIGH_TRANSACTION_AMOUNT,high,Transaction amount is significantly higher than normal behavioral range.
cb958ddb-f14f-494a-ab6e-999bb226fe7e,transaction,T00100025,HIGH_TRANSACTION_AMOUNT,high,Transaction amount is significantly higher than normal behavioral range.
91136114-65d6-4ecb-9d9c-1f241a5a48be,transaction,T00100026,HIGH_TRANSACTION_AMOUNT,high,Transaction amount is significantly higher than normal behavioral range.
cb71bef1-6289-4476-950c-66c58278b24a,transaction,T00100027,HIGH_TRANSACTION_AMOUNT,high,Transaction amount is significantly higher than normal behavioral range.
2c8f507a-b77f-43a8-bdeb-81a0867589bd,transaction,T00100028,HIGH_TRANSACTION_AMOUNT,high,Transaction amount is significantly higher than normal behavioral range.
9ed8937c-0ece-4304-af24-d3511c471258,transaction,T00100029,HIGH_TRANSACTION_AMOUNT,high,Transaction amount is significantly higher than normal behavioral range.
8c8ca10f-8ed9-41a6-9a7b-5df3f3731074,transaction,T00100030,HIGH_TRANSACTION_AMOUNT,high,Transaction amount is significantly higher than normal behavioral range.
bb2916dc-a83b-42b5-8e25-c4ae0f69bacf,transaction,T00100031,HIGH_TRANSACTION_AMOUNT,high,Transaction amount is significantly higher than normal behavioral range.
2e604ebc-4d67-4071-b979-9ec040fd398a,transaction,T00100032,HIGH_TRANSACTION_AMOUNT,high,Transaction amount is significantly higher than normal behavioral range.
1c402f6a-daa4-4c18-8de7-d18e9fb6e161,transaction,T00100033,HIGH_TRANSACTION_AMOUNT,high,Transaction amount is significantly higher than normal behavioral range.
bdddf81f-977a-4711-bb09-3cdb60dc0e23,transaction,T00100034,HIGH_TRANSACTION_AMOUNT,high,Transaction amount is significantly higher than normal behavioral range.
2c912e0b-16a2-4e54-bed5-fc7ac488744e,transaction,T00100035,HIGH_TRANSACTION_AMOUNT,high,Transaction amount is significantly higher than normal behavioral range.
056eab02-2ca9-4ce1-a6ed-abdccf79931e,transaction,T00100036,HIGH_TRANSACTION_AMOUNT,high,Transaction amount is significantly higher than normal behavioral range.
5eec04b4-24ac-488b-b61a-ea5b43e6a826,transaction,T00100037,HIGH_TRANSACTION_AMOUNT,high,Transaction amount is significantly higher than normal behavioral range.
034c4eb5-a5ca-4657-8e49-4e7f9864e4b7,transaction,T00100038,HIGH_TRANSACTION_AMOUNT,high,Transaction amount is significantly higher than normal behavioral range.
2ed0edc2-a14d-4a9c-891a-08bbeb04324a,transaction,T00100039,HIGH_TRANSACTION_AMOUNT,high,Transaction amount is significantly higher than normal behavioral range.
309ea90a-5ed3-4d6e-85c4-f87fff289741,transaction,T00100040,HIGH_TRANSACTION_AMOUNT,high,Transaction amount is significantly higher than normal behavioral range.
dffada4f-b31c-4a41-8415-5248cbc0bc39,transaction,T00100041,HIGH_TRANSACTION_AMOUNT,high,Transaction amount is significantly higher than normal behavioral range.
edc21e41-7385-4dc3-b6dc-43247d089680,transaction,T00100042,HIGH_TRANSACTION_AMOUNT,high,Transaction amount is significantly higher than normal behavioral range.
6078cbc5-13a5-4dc6-bc68-9c14ceee0029,transaction,T00100043,HIGH_TRANSACTION_AMOUNT,high,Transaction amount is significantly higher than normal behavioral range.
329e84dd-2061-43a2-b694-6b8b200d3256,transaction,T00100044,HIGH_TRANSACTION_AMOUNT,high,Transaction amount is significantly higher than normal behavioral range.
1c14ecd7-6dbd-4132-b22a-08aa60ae7685,transaction,T00100045,HIGH_TRANSACTION_AMOUNT,high,Transaction amount is significantly higher than normal behavioral range.
23b75c06-2231-4dd4-a3ed-5035e5dbda2f,transaction,T00100046,HIGH_TRANSACTION_AMOUNT,high,Transaction amount is significantly higher than normal behavioral range.
5ed98bcc-a2d7-4ef4-9f09-cf8216c50cf6,transaction,T00100047,HIGH_TRANSACTION_AMOUNT,high,Transaction amount is significantly higher than normal behavioral range.
b1f5f157-3921-4acb-a92a-1a642382e6d5,transaction,T00100048,HIGH_TRANSACTION_AMOUNT,high,Transaction amount is significantly higher than normal behavioral range.
2c87692d-a2e4-4504-a58b-b4da03d160cc,transaction,T00100049,HIGH_TRANSACTION_AMOUNT,high,Transaction amount is significantly higher than normal behavioral range.
6ff36625-7929-4599-ac17-3f43da4888df,transaction,T00100050,HIGH_TRANSACTION_AMOUNT,high,Transaction amount is significantly higher than normal behavioral range.
8486dacc-20ab-4be6-9c6d-69c24197475d,transaction,T00100051,HIGH_TRANSACTION_AMOUNT,high,Transaction amount is significantly higher than normal behavioral range.
48e7df00-5cf6-4fe5-8da7-8a15a7f6fa30,transaction,T00100052,HIGH_TRANSACTION_AMOUNT,high,Transaction amount is significantly higher than normal behavioral range.
628016d0-8e8f-408b-8e42-6d5851050ba6,transaction,T00100053,HIGH_TRANSACTION_AMOUNT,high,Transaction amount is significantly higher than normal behavioral range.
54b416b9-34e2-4ce7-88a7-ee4af7a19046,transaction,T00100054,HIGH_TRANSACTION_AMOUNT,high,Transaction amount is significantly higher than normal behavioral range.
45324174-155a-44ef-b3dd-146dabbb0f2f,transaction,T00100055,HIGH_TRANSACTION_AMOUNT,high,Transaction amount is significantly higher than normal behavioral range.
cc2c115f-90cb-4d3d-9f14-a008cfb058a4,transaction,T00100056,HIGH_TRANSACTION_AMOUNT,high,Transaction amount is significantly higher than normal behavioral range.
cd5229b3-cccd-4289-86bd-ca239cb1edc8,transaction,T00100057,HIGH_TRANSACTION_AMOUNT,high,Transaction amount is significantly higher than normal behavioral range.
41364af5-79b2-491b-b8e1-93a95f890136,transaction,T00100058,HIGH_TRANSACTION_AMOUNT,high,Transaction amount is significantly higher than normal behavioral range.
101f1449-b755-47c5-8668-1acddf393882,transaction,T00100059,HIGH_TRANSACTION_AMOUNT,high,Transaction amount is significantly higher than normal behavioral range.
041c6ba6-ab2b-4a30-95cc-24ac423295a8,transaction,T00100060,HIGH_TRANSACTION_AMOUNT,high,Transaction amount is significantly higher than normal behavioral range.
e450f133-42af-4403-81e8-9147512706d8,transaction,T00100061,HIGH_TRANSACTION_AMOUNT,high,Transaction amount is significantly higher than normal behavioral range.
151f167b-a376-4d07-b56e-e13b9b87357a,transaction,T00100062,HIGH_TRANSACTION_AMOUNT,high,Transaction amount is significantly higher than normal behavioral range.
50a9e07b-bfd1-4b47-8e05-3aa347baabd5,transaction,T00100063,HIGH_TRANSACTION_AMOUNT,high,Transaction amount is significantly higher than normal behavioral range.
aaed52f3-27e2-4a4d-806d-2bb51227278c,transaction,T00100064,HIGH_TRANSACTION_AMOUNT,high,Transaction amount is significantly higher than normal behavioral range.
2f92e644-df98-4449-8ae3-0f7fab936a54,transaction,T00100065,HIGH_TRANSACTION_AMOUNT,high,Transaction amount is significantly higher than normal behavioral range.
68e75f99-aac1-4f5d-a6ef-878ddf74ec7a,transaction,T00100066,HIGH_TRANSACTION_AMOUNT,high,Transaction amount is significantly higher than normal behavioral range.
1bbc7fda-f75b-4214-8316-2ddc859df5b4,transaction,T00100067,HIGH_TRANSACTION_AMOUNT,high,Transaction amount is significantly higher than normal behavioral range.
efc5f935-bd50-4802-be3c-dbd2189b52bd,transaction,T00100068,HIGH_TRANSACTION_AMOUNT,high,Transaction amount is significantly higher than normal behavioral range.
5f90456e-798d-43e4-8c36-79c819171f31,transaction,T00100069,HIGH_TRANSACTION_AMOUNT,high,Transaction amount is significantly higher than normal behavioral range.
e2505ec8-6bbc-4046-8042-04357822d911,transaction,T00100070,HIGH_TRANSACTION_AMOUNT,high,Transaction amount is significantly higher than normal behavioral range.
b24b25dd-e475-49dd-8634-13c0ff44003c,transaction,T00100071,HIGH_TRANSACTION_AMOUNT,high,Transaction amount is significantly higher than normal behavioral range.
b9c37e57-2b48-4449-bbb2-a83df20f10d1,transaction,T00100072,HIGH_TRANSACTION_AMOUNT,high,Transaction amount is significantly higher than normal behavioral range.
f2a0e1e8-6b46-4463-a7c2-cad903a4560c,transaction,T00100073,HIGH_TRANSACTION_AMOUNT,high,Transaction amount is significantly higher than normal behavioral range.
dbeeb857-c1c0-4e26-b849-2fee41c30495,transaction,T00100074,HIGH_TRANSACTION_AMOUNT,high,Transaction amount is significantly higher than normal behavioral range.
4cfa9f8e-1e11-4cd2-bdaf-31593041edb5,transaction,T00100075,HIGH_TRANSACTION_AMOUNT,high,Transaction amount is significantly higher than normal behavioral range.
f4dfa387-79c5-4cdc-bc5b-d4aeaf2a6d1c,transaction,T00100076,HIGH_TRANSACTION_AMOUNT,high,Transaction amount is significantly higher than normal behavioral range.
88c58676-b14d-40bf-afaa-5db9b8ee392d,transaction,T00100077,HIGH_TRANSACTION_AMOUNT,high,Transaction amount is significantly higher than normal behavioral range.
5dbe3b6b-db50-4405-a2c2-2f019d782958,transaction,T00100078,HIGH_TRANSACTION_AMOUNT,high,Transaction amount is significantly higher than normal behavioral range.
43fde002-6254-4f63-9fbe-2bc45f522459,transaction,T00100079,HIGH_TRANSACTION_AMOUNT,high,Transaction amount is significantly higher than normal behavioral range.
c4124cc2-6ddf-4520-8edf-847b0bdddd82,transaction,T00100080,HIGH_TRANSACTION_AMOUNT,high,Transaction amount is significantly higher than normal behavioral range.
7aedfeab-6a38-484c-bb3a-07a09fd47d0a,transaction,T00100081,HIGH_TRANSACTION_AMOUNT,high,Transaction amount is significantly higher than normal behavioral range.
21ae189b-0331-4c4f-8e02-6f2722b9a5c4,transaction,T00100082,HIGH_TRANSACTION_AMOUNT,high,Transaction amount is significantly higher than normal behavioral range.
c036354d-89fb-4d92-a9e4-be2b95ca5a74,transaction,T00100083,HIGH_TRANSACTION_AMOUNT,high,Transaction amount is significantly higher than normal behavioral range.
366af5bf-7fd2-4d5d-8a2b-439055f7cd54,transaction,T00100084,HIGH_TRANSACTION_AMOUNT,high,Transaction amount is significantly higher than normal behavioral range.
e5fe2221-ee9a-47ad-8d3a-b0bca0b7b281,transaction,T00100085,HIGH_TRANSACTION_AMOUNT,high,Transaction amount is significantly higher than normal behavioral range.
315588e2-9613-4553-8894-e411cf74bd7a,transaction,T00100086,HIGH_TRANSACTION_AMOUNT,high,Transaction amount is significantly higher than normal behavioral range.
8f53c656-70ed-4cec-b136-97d4e602af30,transaction,T00100087,HIGH_TRANSACTION_AMOUNT,high,Transaction amount is significantly higher than normal behavioral range.
6d12fc62-0496-4d82-b71f-b28d01b2c4cb,transaction,T00100088,HIGH_TRANSACTION_AMOUNT,high,Transaction amount is significantly higher than normal behavioral range.
0b88d9ac-a6a2-4716-8e5b-bf6fee5cca81,transaction,T00100089,HIGH_TRANSACTION_AMOUNT,high,Transaction amount is significantly higher than normal behavioral range.
1f3b1611-116b-4bb6-9166-4f7c5e86e2fd,transaction,T00100090,HIGH_TRANSACTION_AMOUNT,high,Transaction amount is significantly higher than normal behavioral range.
ff35daee-e644-47aa-bbe4-576106f3bf86,transaction,T00100091,HIGH_TRANSACTION_AMOUNT,high,Transaction amount is significantly higher than normal behavioral range.
b98c455d-3725-44d7-b30b-b2669af8a507,transaction,T00100092,HIGH_TRANSACTION_AMOUNT,high,Transaction amount is significantly higher than normal behavioral range.
80c25321-a719-4459-904a-a0032b4bf8e4,transaction,T00100093,HIGH_TRANSACTION_AMOUNT,high,Transaction amount is significantly higher than normal behavioral range.
c02cf1bb-deab-4551-a3bd-7869164cbdb9,transaction,T00100094,HIGH_TRANSACTION_AMOUNT,high,Transaction amount is significantly higher than normal behavioral range.
89cc170f-d24d-4793-b160-3eddd19875d5,transaction,T00100095,HIGH_TRANSACTION_AMOUNT,high,Transaction amount is significantly higher than normal behavioral range.
e1698225-cdd4-4936-b142-6edb7a3f08d2,transaction,T00100096,HIGH_TRANSACTION_AMOUNT,high,Transaction amount is significantly higher than normal behavioral range.
6f6848c0-ec8c-4bdf-b254-5c91671c3940,transaction,T00100097,HIGH_TRANSACTION_AMOUNT,high,Transaction amount is significantly higher than normal behavioral range.
7ebff612-5da0-4026-ae76-9afb5659795d,transaction,T00100098,HIGH_TRANSACTION_AMOUNT,high,Transaction amount is significantly higher than normal behavioral range.
91b4e395-16a4-4a60-8072-776ba6e464b2,transaction,T00100099,HIGH_TRANSACTION_AMOUNT,high,Transaction amount is significantly higher than normal behavioral range.
d9835d27-5004-4b82-9f4b-a5713609adab,transaction,T00100100,HIGH_TRANSACTION_AMOUNT,high,Transaction amount is significantly higher than normal behavioral range.
538bcb08-6806-496e-86d2-d09c3d522c59,transaction,T00100101,HIGH_TRANSACTION_AMOUNT,high,Transaction amount is significantly higher than normal behavioral range.
854eed43-05ea-4477-a400-2e191e8d4345,transaction,T00100102,HIGH_TRANSACTION_AMOUNT,high,Transaction amount is significantly higher than normal behavioral range.
c0b86c06-0457-489e-ab1d-29f2ec6ceebb,transaction,T00100103,HIGH_TRANSACTION_AMOUNT,high,Transaction amount is significantly higher than normal behavioral range.
1eb52df8-848a-40eb-988f-e25a381caa02,transaction,T00100104,HIGH_TRANSACTION_AMOUNT,high,Transaction amount is significantly higher than normal behavioral range.
d7a824b3-17b9-401d-9d89-02ab33b6e7be,transaction,T00100105,HIGH_TRANSACTION_AMOUNT,high,Transaction amount is significantly higher than normal behavioral range.
62d726bd-032c-4aae-b279-1972b45e073b,transaction,T00100106,HIGH_TRANSACTION_AMOUNT,high,Transaction amount is significantly higher than normal behavioral range.
0e23bd78-7317-4b13-9691-41561caf4bc9,transaction,T00100107,HIGH_TRANSACTION_AMOUNT,high,Transaction amount is significantly higher than normal behavioral range.
a82109ae-78aa-47e4-a2ee-e7228fbd2f3e,transaction,T00100108,HIGH_TRANSACTION_AMOUNT,high,Transaction amount is significantly higher than normal behavioral range.
a0233185-c48e-4ffb-968a-89f3ecf766d2,transaction,T00100109,HIGH_TRANSACTION_AMOUNT,high,Transaction amount is significantly higher than normal behavioral range.
6f8a57b8-970d-4830-9d46-08b293d8f892,transaction,T00100110,HIGH_TRANSACTION_AMOUNT,high,Transaction amount is significantly higher than normal behavioral range.
8a7cc32b-f96d-4c41-a2a2-385b29c2f3a2,transaction,T00100111,HIGH_TRANSACTION_AMOUNT,high,Transaction amount is significantly higher than normal behavioral range.
e003986a-ac2a-4427-860f-565bff0a95cd,transaction,T00100112,HIGH_TRANSACTION_AMOUNT,high,Transaction amount is significantly higher than normal behavioral range.
94996fe9-7335-4190-a446-677df8b1c9d7,transaction,T00100113,HIGH_TRANSACTION_AMOUNT,high,Transaction amount is significantly higher than normal behavioral range.
c032f036-3ba8-4872-a481-9bf253474cec,transaction,T00100114,HIGH_TRANSACTION_AMOUNT,high,Transaction amount is significantly higher than normal behavioral range.
99719d49-0039-4beb-af04-f6cd99fc7581,transaction,T00100115,HIGH_TRANSACTION_AMOUNT,high,Transaction amount is significantly higher than normal behavioral range.
308f6443-c153-4e64-8121-1b8baf6b66de,transaction,T00100116,HIGH_TRANSACTION_AMOUNT,high,Transaction amount is significantly higher than normal behavioral range.
f7f0f4d3-afea-4b06-81d8-cd90e6ae2d24,transaction,T00100117,HIGH_TRANSACTION_AMOUNT,high,Transaction amount is significantly higher than normal behavioral range.
0bbe6361-66b2-44ca-adcc-325c3f8e3fc8,transaction,T00100118,HIGH_TRANSACTION_AMOUNT,high,Transaction amount is significantly higher than normal behavioral range.
e7c8ec4d-c04e-48ab-aa07-dd62d61be378,transaction,T00100119,HIGH_TRANSACTION_AMOUNT,high,Transaction amount is significantly higher than normal behavioral range.
ae7de782-5391-4c6c-933b-c51135f787f3,transaction,T00100120,HIGH_TRANSACTION_AMOUNT,high,Transaction amount is significantly higher than normal behavioral range.
99f4cb6a-abb1-4f7a-9d16-b725fb41e934,transaction,T00100121,HIGH_TRANSACTION_AMOUNT,high,Transaction amount is significantly higher than normal behavioral range.
4a0bbde2-d0a7-4bb1-ad0a-d40c1856f0cc,transaction,T00100122,HIGH_TRANSACTION_AMOUNT,high,Transaction amount is significantly higher than normal behavioral range.
a7db44cf-d4af-426e-b963-bfe6f5349015,transaction,T00100123,HIGH_TRANSACTION_AMOUNT,high,Transaction amount is significantly higher than normal behavioral range.
045e6a16-3825-4442-8b4a-cca7e025e815,transaction,T00100124,HIGH_TRANSACTION_AMOUNT,high,Transaction amount is significantly higher than normal behavioral range.
9f1a18dd-a621-426c-8867-61d6d84845c6,transaction,T00100125,HIGH_TRANSACTION_AMOUNT,high,Transaction amount is significantly higher than normal behavioral range.
e7765424-968f-4e3d-9d01-8e06ebb45aa0,transaction,T00100126,HIGH_TRANSACTION_AMOUNT,high,Transaction amount is significantly higher than normal behavioral range.
b24fd18c-d11e-4f79-a167-1e50f09f32ba,transaction,T00100127,HIGH_TRANSACTION_AMOUNT,high,Transaction amount is significantly higher than normal behavioral range.
06c11b29-b8da-47e5-9aac-44c1cf92a971,transaction,T00100128,HIGH_TRANSACTION_AMOUNT,high,Transaction amount is significantly higher than normal behavioral range.
f22a41dc-92d8-435f-b2e2-f84786c9f7f2,transaction,T00100129,HIGH_TRANSACTION_AMOUNT,high,Transaction amount is significantly higher than normal behavioral range.
5a27dd27-4c9b-4c96-8efe-b6b001645edb,transaction,T00100130,HIGH_TRANSACTION_AMOUNT,high,Transaction amount is significantly higher than normal behavioral range.
e853d8b4-7d24-4020-9d46-71d16611b01a,transaction,T00100131,HIGH_TRANSACTION_AMOUNT,high,Transaction amount is significantly higher than normal behavioral range.
ce3372a9-7a92-4388-9afa-a989e519a5b9,transaction,T00100132,HIGH_TRANSACTION_AMOUNT,high,Transaction amount is significantly higher than normal behavioral range.
d98404df-de21-4753-850c-366812176555,transaction,T00100133,HIGH_TRANSACTION_AMOUNT,high,Transaction amount is significantly higher than normal behavioral range.
ddd6b27b-a71d-48f5-885e-bd3369ad43ef,transaction,T00100134,HIGH_TRANSACTION_AMOUNT,high,Transaction amount is significantly higher than normal behavioral range.
09a9bad9-0b63-45e2-8d8e-70a0c4b759a0,transaction,T00100135,HIGH_TRANSACTION_AMOUNT,high,Transaction amount is significantly higher than normal behavioral range.
910423e1-3a0a-4cdc-bf48-7884545c499c,transaction,T00100136,HIGH_TRANSACTION_AMOUNT,high,Transaction amount is significantly higher than normal behavioral range.
6f10f63c-a2fe-48fa-9d28-224d0057a7e2,transaction,T00100137,HIGH_TRANSACTION_AMOUNT,high,Transaction amount is significantly higher than normal behavioral range.
5c4c574b-0577-4efa-8d19-3febfc86e8b5,transaction,T00100138,HIGH_TRANSACTION_AMOUNT,high,Transaction amount is significantly higher than normal behavioral range.
d2a73678-56b9-4693-bae3-46ad58cd9be3,transaction,T00100139,HIGH_TRANSACTION_AMOUNT,high,Transaction amount is significantly higher than normal behavioral range.
9dd8a3a4-25e8-41f1-8ff9-6376ce94fec9,transaction,T00100140,HIGH_TRANSACTION_AMOUNT,high,Transaction amount is significantly higher than normal behavioral range.
18af1b96-68b0-4054-8c58-33ae4e94b875,transaction,T00100141,HIGH_TRANSACTION_AMOUNT,high,Transaction amount is significantly higher than normal behavioral range.
46285173-c4db-4639-88ba-acbefce4fd53,transaction,T00100142,HIGH_TRANSACTION_AMOUNT,high,Transaction amount is significantly higher than normal behavioral range.
12f7a7b5-b282-44a1-ad5f-9e0e095299c1,transaction,T00100143,HIGH_TRANSACTION_AMOUNT,high,Transaction amount is significantly higher than normal behavioral range.
bbf386fa-d8bc-4d03-9d5e-c6ffa1ff11f2,transaction,T00100144,HIGH_TRANSACTION_AMOUNT,high,Transaction amount is significantly higher than normal behavioral range.
48adcb51-0bdb-4e54-b324-a34d5e332f78,transaction,T00100145,HIGH_TRANSACTION_AMOUNT,high,Transaction amount is significantly higher than normal behavioral range.
5f1500bf-5ca8-4e9a-9fc2-07731b337f7c,transaction,T00100146,HIGH_TRANSACTION_AMOUNT,high,Transaction amount is significantly higher than normal behavioral range.
f8ecade0-2844-46f6-8b97-c2f820b5d4a0,transaction,T00100147,HIGH_TRANSACTION_AMOUNT,high,Transaction amount is significantly higher than normal behavioral range.
e2c17a1a-c48e-4736-9289-632ab53c942e,transaction,T00100148,HIGH_TRANSACTION_AMOUNT,high,Transaction amount is significantly higher than normal behavioral range.
415eed68-b014-418e-aa76-d3424232c103,transaction,T00100149,HIGH_TRANSACTION_AMOUNT,high,Transaction amount is significantly higher than normal behavioral range.
ed940643-9153-4b67-affb-b5594468473c,transaction,T00100150,HIGH_TRANSACTION_AMOUNT,high,Transaction amount is significantly higher than normal behavioral range.
69e076a3-d1a4-4847-955b-09a99747c6d7,transaction,T00100151,HIGH_TRANSACTION_AMOUNT,high,Transaction amount is significantly higher than normal behavioral range.
29809cbd-f0d7-4bcb-a27f-9c36bd02801e,transaction,T00100152,HIGH_TRANSACTION_AMOUNT,high,Transaction amount is significantly higher than normal behavioral range.
e9d2f562-f9e0-4731-ac41-34dc6edfbdb6,transaction,T00100153,HIGH_TRANSACTION_AMOUNT,high,Transaction amount is significantly higher than normal behavioral range.
08d19bef-f224-4d83-9aef-5b17c3d0c12d,transaction,T00100154,HIGH_TRANSACTION_AMOUNT,high,Transaction amount is significantly higher than normal behavioral range.
31d65b20-5352-45af-8665-91a154db0904,transaction,T00100155,HIGH_TRANSACTION_AMOUNT,high,Transaction amount is significantly higher than normal behavioral range.
8d9f4986-d4bf-4c3b-a7f3-e4d0654c1dd9,transaction,T00100156,HIGH_TRANSACTION_AMOUNT,high,Transaction amount is significantly higher than normal behavioral range.
7459694f-4840-4055-91fa-61e3fc6448cf,transaction,T00100157,HIGH_TRANSACTION_AMOUNT,high,Transaction amount is significantly higher than normal behavioral range.
5024c7e9-e245-40ba-9e7c-f94743aa0ccb,transaction,T00100158,HIGH_TRANSACTION_AMOUNT,high,Transaction amount is significantly higher than normal behavioral range.
3ea60b8b-f8eb-4f0d-a366-803883b34ff8,transaction,T00100159,HIGH_TRANSACTION_AMOUNT,high,Transaction amount is significantly higher than normal behavioral range.
008e5143-8b55-434d-b6ba-4300a81ffaf7,transaction,T00100160,HIGH_TRANSACTION_AMOUNT,high,Transaction amount is significantly higher than normal behavioral range.
6c15c79a-52ff-4cba-a71f-d8fab62ac328,transaction,T00100161,HIGH_TRANSACTION_AMOUNT,high,Transaction amount is significantly higher than normal behavioral range.
49af8461-b445-41c3-8cf2-ca65e9019749,transaction,T00100162,HIGH_TRANSACTION_AMOUNT,high,Transaction amount is significantly higher than normal behavioral range.
85123647-d23f-43f1-8553-189867a57484,transaction,T00100163,HIGH_TRANSACTION_AMOUNT,high,Transaction amount is significantly higher than normal behavioral range.
8fe96079-9e6c-45c6-b103-a24065b57001,transaction,T00100164,HIGH_TRANSACTION_AMOUNT,high,Transaction amount is significantly higher than normal behavioral range.
29981ff7-bbfa-4778-adea-4d58810d36f8,transaction,T00100165,HIGH_TRANSACTION_AMOUNT,high,Transaction amount is significantly higher than normal behavioral range.
026efc72-432a-460e-99ed-7f8ad19e9006,transaction,T00100166,HIGH_TRANSACTION_AMOUNT,high,Transaction amount is significantly higher than normal behavioral range.
38889d79-5e9e-4d7b-8b70-f104093c706e,transaction,T00100167,HIGH_TRANSACTION_AMOUNT,high,Transaction amount is significantly higher than normal behavioral range.
82729900-8233-4ceb-a456-1d902bd4c799,transaction,T00100168,HIGH_TRANSACTION_AMOUNT,high,Transaction amount is significantly higher than normal behavioral range.
3244f745-2ded-4f1e-8284-4a2a02e385d3,transaction,T00100169,HIGH_TRANSACTION_AMOUNT,high,Transaction amount is significantly higher than normal behavioral range.
1b05a7df-88cf-4f12-82b1-dd18fb35b46c,transaction,T00100170,HIGH_TRANSACTION_AMOUNT,high,Transaction amount is significantly higher than normal behavioral range.
16174a3f-947e-464e-8151-61bd680ee64b,transaction,T00100171,HIGH_TRANSACTION_AMOUNT,high,Transaction amount is significantly higher than normal behavioral range.
583a5a81-1f3a-40b7-955c-344a34b7baef,transaction,T00100172,HIGH_TRANSACTION_AMOUNT,high,Transaction amount is significantly higher than normal behavioral range.
b0de1958-737f-4830-8c87-aeb150d8fb7e,transaction,T00100173,HIGH_TRANSACTION_AMOUNT,high,Transaction amount is significantly higher than normal behavioral range.
ff03e005-6ef0-453c-a061-e2823cf6ff4c,transaction,T00100174,HIGH_TRANSACTION_AMOUNT,high,Transaction amount is significantly higher than normal behavioral range.
7f99c4c7-cb8f-4383-a946-eba3ce8acab6,transaction,T00100175,HIGH_TRANSACTION_AMOUNT,high,Transaction amount is significantly higher than normal behavioral range.
e2138e84-41e5-4879-bd55-32c4644f19b4,transaction,T00100176,HIGH_TRANSACTION_AMOUNT,high,Transaction amount is significantly higher than normal behavioral range.
780b9fc5-5637-4aa0-a30d-3d207a8717eb,transaction,T00100177,HIGH_TRANSACTION_AMOUNT,high,Transaction amount is significantly higher than normal behavioral range.
8f8c1b5e-8da0-4a8c-bda9-5ca071159b51,transaction,T00100178,HIGH_TRANSACTION_AMOUNT,high,Transaction amount is significantly higher than normal behavioral range.
9be5a33b-2f3d-4ab0-90cd-25ee02397b02,transaction,T00100179,HIGH_TRANSACTION_AMOUNT,high,Transaction amount is significantly higher than normal behavioral range.
b895a301-e16f-4521-8969-f6d66ed334f0,transaction,T00100180,HIGH_TRANSACTION_AMOUNT,high,Transaction amount is significantly higher than normal behavioral range.
ad25a47c-7b10-4952-a656-44628976adc8,transaction,T00100181,HIGH_TRANSACTION_AMOUNT,high,Transaction amount is significantly higher than normal behavioral range.
a7f0d937-26cd-41e7-ad30-2ba83a3a5171,transaction,T00100182,HIGH_TRANSACTION_AMOUNT,high,Transaction amount is significantly higher than normal behavioral range.
6b586ac7-1d73-4ded-ab67-420e116702d9,transaction,T00100183,HIGH_TRANSACTION_AMOUNT,high,Transaction amount is significantly higher than normal behavioral range.
27a3dcc6-efa6-4ebc-a0b4-da77772432d9,transaction,T00100184,HIGH_TRANSACTION_AMOUNT,high,Transaction amount is significantly higher than normal behavioral range.
5ad2ceac-a462-4b14-be96-30d9a91b80ab,transaction,T00100185,HIGH_TRANSACTION_AMOUNT,high,Transaction amount is significantly higher than normal behavioral range.
faaaa0b0-a41d-4f58-9437-61a02fd2050e,transaction,T00100186,HIGH_TRANSACTION_AMOUNT,high,Transaction amount is significantly higher than normal behavioral range.
6e31ed5c-2e9e-4e06-aad6-0da21ae61ca8,transaction,T00100187,HIGH_TRANSACTION_AMOUNT,high,Transaction amount is significantly higher than normal behavioral range.
27e54bc8-ca2a-4cab-addf-174c0e22d07e,transaction,T00100188,HIGH_TRANSACTION_AMOUNT,high,Transaction amount is significantly higher than normal behavioral range.
7cba12ee-1512-4930-8acd-75f9ccb79e36,transaction,T00100189,HIGH_TRANSACTION_AMOUNT,high,Transaction amount is significantly higher than normal behavioral range.
3d889e51-41d7-453e-a826-0ec8ef0d0aef,transaction,T00100190,HIGH_TRANSACTION_AMOUNT,high,Transaction amount is significantly higher than normal behavioral range.
0b551e20-4282-4b66-a058-cb63679a477a,transaction,T00100191,HIGH_TRANSACTION_AMOUNT,high,Transaction amount is significantly higher than normal behavioral range.
974e667a-81f6-4427-9a6e-a5898dd1a2e4,transaction,T00100192,HIGH_TRANSACTION_AMOUNT,high,Transaction amount is significantly higher than normal behavioral range.
d3b50217-038c-4d8b-8f19-b23fb4db3056,transaction,T00100193,HIGH_TRANSACTION_AMOUNT,high,Transaction amount is significantly higher than normal behavioral range.
dc64978a-548f-46bd-ba4c-c4c902e3186c,transaction,T00100194,HIGH_TRANSACTION_AMOUNT,high,Transaction amount is significantly higher than normal behavioral range.
9c175060-87a2-4bf1-93de-63406d75ec4f,transaction,T00100195,HIGH_TRANSACTION_AMOUNT,high,Transaction amount is significantly higher than normal behavioral range.
98e9026d-d445-4760-8821-45c68772f658,transaction,T00100196,HIGH_TRANSACTION_AMOUNT,high,Transaction amount is significantly higher than normal behavioral range.
d3911708-fa2e-4940-b19e-e28053f1fc83,transaction,T00100197,HIGH_TRANSACTION_AMOUNT,high,Transaction amount is significantly higher than normal behavioral range.
7e418997-456d-4b14-a0a5-85b0defc0472,transaction,T00100198,HIGH_TRANSACTION_AMOUNT,high,Transaction amount is significantly higher than normal behavioral range.
8e02f0b0-5a98-46e2-b940-909727de8c92,transaction,T00100199,HIGH_TRANSACTION_AMOUNT,high,Transaction amount is significantly higher than normal behavioral range.
970f0f45-8286-4918-9243-171f9edfe6f1,transaction,T00100200,HIGH_TRANSACTION_AMOUNT,high,Transaction amount is significantly higher than normal behavioral range.
4690ce27-116b-45dd-8a8a-11815ca650f7,transaction,T00100201,UNUSUAL_LOCATION,high,Transaction occurred in a location inconsistent with the user's normal location.
06e407f6-03ee-4126-b618-e70db31c0782,transaction,T00100202,UNUSUAL_LOCATION,high,Transaction occurred in a location inconsistent with the user's normal location.
7ea19494-7ae4-45b8-a9f3-2624c3e73a93,transaction,T00100203,UNUSUAL_LOCATION,high,Transaction occurred in a location inconsistent with the user's normal location.
556ea3ae-4b22-41c2-b407-3a9fa588cab8,transaction,T00100204,UNUSUAL_LOCATION,high,Transaction occurred in a location inconsistent with the user's normal location.
435888ee-46b9-45d7-8161-5a46fc481e3c,transaction,T00100205,UNUSUAL_LOCATION,high,Transaction occurred in a location inconsistent with the user's normal location.
98bd37b5-0bce-4dc9-b530-1756082bede5,transaction,T00100206,UNUSUAL_LOCATION,high,Transaction occurred in a location inconsistent with the user's normal location.
c463fae7-6ed7-43d4-80eb-caeaec474ce8,transaction,T00100207,UNUSUAL_LOCATION,high,Transaction occurred in a location inconsistent with the user's normal location.
e742891e-c3c4-4af3-8653-1241a37977a3,transaction,T00100208,UNUSUAL_LOCATION,high,Transaction occurred in a location inconsistent with the user's normal location.
f0287163-8d80-4110-b8c0-2e9b1d92b625,transaction,T00100209,UNUSUAL_LOCATION,high,Transaction occurred in a location inconsistent with the user's normal location.
38770807-5d90-44f3-a1ee-055ea883a1b3,transaction,T00100210,UNUSUAL_LOCATION,high,Transaction occurred in a location inconsistent with the user's normal location.
60ff695c-b163-44cb-9874-a24279590e59,transaction,T00100211,UNUSUAL_LOCATION,high,Transaction occurred in a location inconsistent with the user's normal location.
da8eccc9-392e-4c90-9cb0-e31332ef2305,transaction,T00100212,UNUSUAL_LOCATION,high,Transaction occurred in a location inconsistent with the user's normal location.
6e72e4a5-7e34-4455-92a4-ec33af350ef1,transaction,T00100213,UNUSUAL_LOCATION,high,Transaction occurred in a location inconsistent with the user's normal location.
003f8c98-2fb0-4305-bcc1-c3598116c081,transaction,T00100214,UNUSUAL_LOCATION,high,Transaction occurred in a location inconsistent with the user's normal location.
a9009cc5-e3df-43cf-9dba-05278cf03a5b,transaction,T00100215,UNUSUAL_LOCATION,high,Transaction occurred in a location inconsistent with the user's normal location.
4aa72f08-e1cf-48f2-b560-123865785a86,transaction,T00100216,UNUSUAL_LOCATION,high,Transaction occurred in a location inconsistent with the user's normal location.
5e942ce2-ebac-43bb-8502-4d08cb1afc14,transaction,T00100217,UNUSUAL_LOCATION,high,Transaction occurred in a location inconsistent with the user's normal location.
40519f5a-0e13-4f2d-908b-44da9abc0b5f,transaction,T00100218,UNUSUAL_LOCATION,high,Transaction occurred in a location inconsistent with the user's normal location.
0afb738a-4a2d-4ba4-8abf-4071f6c060fe,transaction,T00100219,UNUSUAL_LOCATION,high,Transaction occurred in a location inconsistent with the user's normal location.
bbd45aba-4838-4b9e-9e96-d9d67a4d948a,transaction,T00100220,UNUSUAL_LOCATION,high,Transaction occurred in a location inconsistent with the user's normal location.
0994d1d3-83c1-4bce-b24d-805be3f8b993,transaction,T00100221,UNUSUAL_LOCATION,high,Transaction occurred in a location inconsistent with the user's normal location.
a62a5c7a-07b2-4f78-82c4-5653c16a25ac,transaction,T00100222,UNUSUAL_LOCATION,high,Transaction occurred in a location inconsistent with the user's normal location.
9621617b-c0cb-43ed-9e4d-615f9dc6577b,transaction,T00100223,UNUSUAL_LOCATION,high,Transaction occurred in a location inconsistent with the user's normal location.
35171eab-fc9a-457c-ab7f-a20080922704,transaction,T00100224,UNUSUAL_LOCATION,high,Transaction occurred in a location inconsistent with the user's normal location.
98f18df5-7f97-47b4-95ff-852effa400e4,transaction,T00100225,UNUSUAL_LOCATION,high,Transaction occurred in a location inconsistent with the user's normal location.
abc8e9bb-c5bf-4ef5-b6e2-df3dfc32196e,transaction,T00100226,UNUSUAL_LOCATION,high,Transaction occurred in a location inconsistent with the user's normal location.
43c98d1d-f741-4227-b0a3-f19e5bc4c990,transaction,T00100227,UNUSUAL_LOCATION,high,Transaction occurred in a location inconsistent with the user's normal location.
33aeebce-2457-400e-a95a-45e20af02b1f,transaction,T00100228,UNUSUAL_LOCATION,high,Transaction occurred in a location inconsistent with the user's normal location.
e3a4c8e3-f7e1-42ff-b347-02eb9801670c,transaction,T00100229,UNUSUAL_LOCATION,high,Transaction occurred in a location inconsistent with the user's normal location.
eba3a1eb-f240-407f-83bd-44eef648eb88,transaction,T00100230,UNUSUAL_LOCATION,high,Transaction occurred in a location inconsistent with the user's normal location.
75f3c3a9-c8d0-483d-94ea-448a19f3d856,transaction,T00100231,UNUSUAL_LOCATION,high,Transaction occurred in a location inconsistent with the user's normal location.
83d8b397-8454-47ed-a385-9205845b5c26,transaction,T00100232,UNUSUAL_LOCATION,high,Transaction occurred in a location inconsistent with the user's normal location.
93454718-0652-40b1-8522-b32ca82a775c,transaction,T00100233,UNUSUAL_LOCATION,high,Transaction occurred in a location inconsistent with the user's normal location.
44444b85-7527-4502-8b9b-3394316c2b83,transaction,T00100234,UNUSUAL_LOCATION,high,Transaction occurred in a location inconsistent with the user's normal location.
10b82eec-7b11-4b1a-b903-345d8517afb0,transaction,T00100235,UNUSUAL_LOCATION,high,Transaction occurred in a location inconsistent with the user's normal location.
5dad7d4c-972d-4ac9-bb33-d1f0db193a0b,transaction,T00100236,UNUSUAL_LOCATION,high,Transaction occurred in a location inconsistent with the user's normal location.
47fce142-8f8d-4317-8821-39e7616b5f7b,transaction,T00100237,UNUSUAL_LOCATION,high,Transaction occurred in a location inconsistent with the user's normal location.
b4fde88d-1197-4ad1-9ca8-be1210bbb309,transaction,T00100238,UNUSUAL_LOCATION,high,Transaction occurred in a location inconsistent with the user's normal location.
c212dba8-0ce7-498d-ac64-8f5883f84c76,transaction,T00100239,UNUSUAL_LOCATION,high,Transaction occurred in a location inconsistent with the user's normal location.
ffd3e567-a548-44ad-9ad3-c30624857a2f,transaction,T00100240,UNUSUAL_LOCATION,high,Transaction occurred in a location inconsistent with the user's normal location.
c41a1c34-0272-4e40-b8a4-4a1f5a1a7e0d,transaction,T00100241,UNUSUAL_LOCATION,high,Transaction occurred in a location inconsistent with the user's normal location.
ce7cd28d-6532-41fb-8d14-08cf63b304ea,transaction,T00100242,UNUSUAL_LOCATION,high,Transaction occurred in a location inconsistent with the user's normal location.
ebc5d117-e5a2-4212-9270-483939b0d089,transaction,T00100243,UNUSUAL_LOCATION,high,Transaction occurred in a location inconsistent with the user's normal location.
e0bde174-3ac8-45e6-9766-5ac868a82f6a,transaction,T00100244,UNUSUAL_LOCATION,high,Transaction occurred in a location inconsistent with the user's normal location.
9f35d929-3a1d-4c7f-a4ad-966f9d325afb,transaction,T00100245,UNUSUAL_LOCATION,high,Transaction occurred in a location inconsistent with the user's normal location.
d7762a55-6479-4272-8f25-6fbfab673685,transaction,T00100246,UNUSUAL_LOCATION,high,Transaction occurred in a location inconsistent with the user's normal location.
26aebc55-2bdf-423a-8a87-60648283acd3,transaction,T00100247,UNUSUAL_LOCATION,high,Transaction occurred in a location inconsistent with the user's normal location.
32edf05e-9fc3-4b63-8490-60612bf31081,transaction,T00100248,UNUSUAL_LOCATION,high,Transaction occurred in a location inconsistent with the user's normal location.
fe7b7f83-2224-4835-9f5c-57d36c54bb7d,transaction,T00100249,UNUSUAL_LOCATION,high,Transaction occurred in a location inconsistent with the user's normal location.
cd5f4aff-0cf6-4342-9bbf-5ae66f8b06a0,transaction,T00100250,UNUSUAL_LOCATION,high,Transaction occurred in a location inconsistent with the user's normal location.
ed91d512-8ffd-40a4-bef4-263c5647acaf,transaction,T00100251,UNUSUAL_LOCATION,high,Transaction occurred in a location inconsistent with the user's normal location.
6b30bd37-b765-4282-aa19-3214e8f486be,transaction,T00100252,UNUSUAL_LOCATION,high,Transaction occurred in a location inconsistent with the user's normal location.
3669a12a-c10f-4ef2-afc7-ab66793c15e0,transaction,T00100253,UNUSUAL_LOCATION,high,Transaction occurred in a location inconsistent with the user's normal location.
32b59fb6-aacb-40d5-bd14-a677bbf327b1,transaction,T00100254,UNUSUAL_LOCATION,high,Transaction occurred in a location inconsistent with the user's normal location.
34fa414e-8837-43e9-90bd-b837dec93f2f,transaction,T00100255,UNUSUAL_LOCATION,high,Transaction occurred in a location inconsistent with the user's normal location.
76243a24-b567-420c-ab57-7110ced20a9a,transaction,T00100256,UNUSUAL_LOCATION,high,Transaction occurred in a location inconsistent with the user's normal location.
53fb946e-46c0-4a20-ba79-96f5569f2522,transaction,T00100257,UNUSUAL_LOCATION,high,Transaction occurred in a location inconsistent with the user's normal location.
57e91b25-2351-4784-a168-ea0ef94bb92f,transaction,T00100258,UNUSUAL_LOCATION,high,Transaction occurred in a location inconsistent with the user's normal location.
5cd0fa27-448a-4704-ab26-e72c2016b535,transaction,T00100259,UNUSUAL_LOCATION,high,Transaction occurred in a location inconsistent with the user's normal location.
7667b13e-c9ed-422a-87b9-f7801c1e78dc,transaction,T00100260,UNUSUAL_LOCATION,high,Transaction occurred in a location inconsistent with the user's normal location.
3c45f659-7316-411c-84b7-1fef630e1f0b,transaction,T00100261,UNUSUAL_LOCATION,high,Transaction occurred in a location inconsistent with the user's normal location.
6931d3a5-ab8e-466f-aaed-20b84e142c16,transaction,T00100262,UNUSUAL_LOCATION,high,Transaction occurred in a location inconsistent with the user's normal location.
50811882-8605-4ee0-a7d9-0cd2f04126f9,transaction,T00100263,UNUSUAL_LOCATION,high,Transaction occurred in a location inconsistent with the user's normal location.
6fd69578-e943-4f19-ba39-b005b79a4211,transaction,T00100264,UNUSUAL_LOCATION,high,Transaction occurred in a location inconsistent with the user's normal location.
5facae97-e219-4288-84f0-2cb1579270b7,transaction,T00100265,UNUSUAL_LOCATION,high,Transaction occurred in a location inconsistent with the user's normal location.
b5ae7ddc-fe03-43db-a0dc-2d74b065e598,transaction,T00100266,UNUSUAL_LOCATION,high,Transaction occurred in a location inconsistent with the user's normal location.
3a2598d7-cfdd-49c7-b1a6-caa6dd6984f6,transaction,T00100267,UNUSUAL_LOCATION,high,Transaction occurred in a location inconsistent with the user's normal location.
e2662502-6391-40a6-9d57-20cfc7c46b2b,transaction,T00100268,UNUSUAL_LOCATION,high,Transaction occurred in a location inconsistent with the user's normal location.
e10471d0-476c-4992-9145-452f790b67f9,transaction,T00100269,UNUSUAL_LOCATION,high,Transaction occurred in a location inconsistent with the user's normal location.
dcef2192-64de-4e47-91ac-0483e83e62ab,transaction,T00100270,UNUSUAL_LOCATION,high,Transaction occurred in a location inconsistent with the user's normal location.
36f3036b-6a6c-4640-82e8-48c9f1097441,transaction,T00100271,UNUSUAL_LOCATION,high,Transaction occurred in a location inconsistent with the user's normal location.
462f1712-0d03-48c3-bac4-62bd6674b808,transaction,T00100272,UNUSUAL_LOCATION,high,Transaction occurred in a location inconsistent with the user's normal location.
3fedc3f3-80b8-495c-9006-bc52389f0fa4,transaction,T00100273,UNUSUAL_LOCATION,high,Transaction occurred in a location inconsistent with the user's normal location.
f035170d-bb70-44fe-83a0-9865620211b5,transaction,T00100274,UNUSUAL_LOCATION,high,Transaction occurred in a location inconsistent with the user's normal location.
228374c1-085f-4660-b166-e48cf07070cc,transaction,T00100275,UNUSUAL_LOCATION,high,Transaction occurred in a location inconsistent with the user's normal location.
a568cd84-0595-47a7-95e4-660e1c3f002a,transaction,T00100276,UNUSUAL_LOCATION,high,Transaction occurred in a location inconsistent with the user's normal location.
73791ce6-27b8-414f-8534-b7b5090533b4,transaction,T00100277,UNUSUAL_LOCATION,high,Transaction occurred in a location inconsistent with the user's normal location.
5e27d9cb-1d45-4a26-a559-922e2e2341ec,transaction,T00100278,UNUSUAL_LOCATION,high,Transaction occurred in a location inconsistent with the user's normal location.
0da157e0-b904-4b0b-a34e-2df79c037db9,transaction,T00100279,UNUSUAL_LOCATION,high,Transaction occurred in a location inconsistent with the user's normal location.
2796c76a-7d7b-478f-b85e-62e0cacd91c9,transaction,T00100280,UNUSUAL_LOCATION,high,Transaction occurred in a location inconsistent with the user's normal location.
1fdb3c3e-6c48-4b60-a3a8-c13dd71c8302,transaction,T00100281,UNUSUAL_LOCATION,high,Transaction occurred in a location inconsistent with the user's normal location.
7c36dabe-5a22-47c1-ab5b-2ad53c423df9,transaction,T00100282,UNUSUAL_LOCATION,high,Transaction occurred in a location inconsistent with the user's normal location.
d7b6344b-f6ff-424e-ad58-fc1e6105a709,transaction,T00100283,UNUSUAL_LOCATION,high,Transaction occurred in a location inconsistent with the user's normal location.
faa73152-42ea-4382-948b-a9644456bf8a,transaction,T00100284,UNUSUAL_LOCATION,high,Transaction occurred in a location inconsistent with the user's normal location.
bc1f945d-b612-44ee-908c-307034114bfb,transaction,T00100285,UNUSUAL_LOCATION,high,Transaction occurred in a location inconsistent with the user's normal location.
73c7ecaf-0ce9-45c2-b065-f18e0639fe42,transaction,T00100286,UNUSUAL_LOCATION,high,Transaction occurred in a location inconsistent with the user's normal location.
202d2049-30da-457f-94ca-6aac96543ab8,transaction,T00100287,UNUSUAL_LOCATION,high,Transaction occurred in a location inconsistent with the user's normal location.
64ad71ac-caae-45f3-9cc0-6a3edcc0ab43,transaction,T00100288,UNUSUAL_LOCATION,high,Transaction occurred in a location inconsistent with the user's normal location.
4e7d4421-08d9-4ec3-bebe-28927f98f964,transaction,T00100289,UNUSUAL_LOCATION,high,Transaction occurred in a location inconsistent with the user's normal location.
dae0ff56-08bf-4c6c-9c77-5306d7204585,transaction,T00100290,UNUSUAL_LOCATION,high,Transaction occurred in a location inconsistent with the user's normal location.
fe5f3969-d659-4075-8075-ff43ed19b436,transaction,T00100291,UNUSUAL_LOCATION,high,Transaction occurred in a location inconsistent with the user's normal location.
9a2554a6-0095-48e7-8786-cf9d9a007c4f,transaction,T00100292,UNUSUAL_LOCATION,high,Transaction occurred in a location inconsistent with the user's normal location.
45e2edba-18e9-4274-8118-d511a6d9056d,transaction,T00100293,UNUSUAL_LOCATION,high,Transaction occurred in a location inconsistent with the user's normal location.
0f8197a2-37cf-41e8-a06c-b9dd127df3a1,transaction,T00100294,UNUSUAL_LOCATION,high,Transaction occurred in a location inconsistent with the user's normal location.
9311fa83-0f30-4b41-b330-a1e530b24aae,transaction,T00100295,UNUSUAL_LOCATION,high,Transaction occurred in a location inconsistent with the user's normal location.
6db53bf5-5ccf-4536-8dcf-ed4a2d96cb52,transaction,T00100296,UNUSUAL_LOCATION,high,Transaction occurred in a location inconsistent with the user's normal location.
9e4e271a-a7ff-4ea8-a63c-e8c0b9f3b538,transaction,T00100297,UNUSUAL_LOCATION,high,Transaction occurred in a location inconsistent with the user's normal location.
8c920350-988d-46a9-bc4b-5f8d1bac1763,transaction,T00100298,UNUSUAL_LOCATION,high,Transaction occurred in a location inconsistent with the user's normal location.
8807f43a-dc16-405d-843d-ace62b55b68f,transaction,T00100299,UNUSUAL_LOCATION,high,Transaction occurred in a location inconsistent with the user's normal location.
1b90c634-3d1b-47e5-9f70-b72f90331a61,transaction,T00100300,UNUSUAL_LOCATION,high,Transaction occurred in a location inconsistent with the user's normal location.
5a526587-4a57-4b45-b1e3-9f685bd91064,transaction,T00100301,UNUSUAL_LOCATION,high,Transaction occurred in a location inconsistent with the user's normal location.
b2c590de-c9e5-456b-af4c-dc90e4bda06f,transaction,T00100302,UNUSUAL_LOCATION,high,Transaction occurred in a location inconsistent with the user's normal location.
fb321121-e460-4943-a56e-fb0db6b02c98,transaction,T00100303,UNUSUAL_LOCATION,high,Transaction occurred in a location inconsistent with the user's normal location.
fa3959e3-691a-4bc8-ad24-f28bd276add4,transaction,T00100304,UNUSUAL_LOCATION,high,Transaction occurred in a location inconsistent with the user's normal location.
7d0b6ea9-d2b5-4bc3-b0b7-3b4cf552b32a,transaction,T00100305,UNUSUAL_LOCATION,high,Transaction occurred in a location inconsistent with the user's normal location.
b8f9d873-2887-4415-b7a5-70d44dfa5a4e,transaction,T00100306,UNUSUAL_LOCATION,high,Transaction occurred in a location inconsistent with the user's normal location.
9e68362e-2022-4e50-be42-24b5e21dbf32,transaction,T00100307,UNUSUAL_LOCATION,high,Transaction occurred in a location inconsistent with the user's normal location.
53aaf1a6-9944-4256-a6ac-8a4646aa131e,transaction,T00100308,UNUSUAL_LOCATION,high,Transaction occurred in a location inconsistent with the user's normal location.
eed08440-95a5-49f1-97a6-b4d8b27cbcdd,transaction,T00100309,UNUSUAL_LOCATION,high,Transaction occurred in a location inconsistent with the user's normal location.
0d6a52ef-d13b-4257-b2c0-f08be64540ca,transaction,T00100310,UNUSUAL_LOCATION,high,Transaction occurred in a location inconsistent with the user's normal location.
6df89de1-a7c4-4fcb-b30a-bb5804c5e65f,transaction,T00100311,UNUSUAL_LOCATION,high,Transaction occurred in a location inconsistent with the user's normal location.
a520522a-a422-45f2-bd4d-fc85e8d05690,transaction,T00100312,UNUSUAL_LOCATION,high,Transaction occurred in a location inconsistent with the user's normal location.
35973c15-bbc1-40b7-b0b0-664eaa624ab6,transaction,T00100313,UNUSUAL_LOCATION,high,Transaction occurred in a location inconsistent with the user's normal location.
4365e008-ad13-4c35-b0df-2aee6b98bb29,transaction,T00100314,UNUSUAL_LOCATION,high,Transaction occurred in a location inconsistent with the user's normal location.
39e78988-acec-4e6d-a8eb-b6b521c1daf3,transaction,T00100315,UNUSUAL_LOCATION,high,Transaction occurred in a location inconsistent with the user's normal location.
56904b1f-8477-4ae2-ba1c-c9c6b748b220,transaction,T00100316,UNUSUAL_LOCATION,high,Transaction occurred in a location inconsistent with the user's normal location.
bb751c5c-6a35-4a63-b543-4aabf0d2c319,transaction,T00100317,UNUSUAL_LOCATION,high,Transaction occurred in a location inconsistent with the user's normal location.
77ff7feb-7419-4473-8631-a3e722cb8608,transaction,T00100318,UNUSUAL_LOCATION,high,Transaction occurred in a location inconsistent with the user's normal location.
d1013347-4053-43aa-86a5-591ab6c23453,transaction,T00100319,UNUSUAL_LOCATION,high,Transaction occurred in a location inconsistent with the user's normal location.
a8e2c7a4-39bd-4aa8-b573-169971a33166,transaction,T00100320,UNUSUAL_LOCATION,high,Transaction occurred in a location inconsistent with the user's normal location.
fadd8efa-078c-4337-9b06-66ed0c8ae781,transaction,T00100321,UNUSUAL_LOCATION,high,Transaction occurred in a location inconsistent with the user's normal location.
1c29a581-4fc2-4ffb-96f4-fc503c4798ef,transaction,T00100322,UNUSUAL_LOCATION,high,Transaction occurred in a location inconsistent with the user's normal location.
f0559959-aeb9-430a-83dc-7dfe2f4436f7,transaction,T00100323,UNUSUAL_LOCATION,high,Transaction occurred in a location inconsistent with the user's normal location.
30d5a7b9-6010-4004-96a1-0fcd9709da2c,transaction,T00100324,UNUSUAL_LOCATION,high,Transaction occurred in a location inconsistent with the user's normal location.
eeee2e73-3c9d-4c49-b503-f110a1122380,transaction,T00100325,UNUSUAL_LOCATION,high,Transaction occurred in a location inconsistent with the user's normal location.
dd4ccbdc-0371-498e-9850-9d6076d06ada,transaction,T00100326,UNUSUAL_LOCATION,high,Transaction occurred in a location inconsistent with the user's normal location.
53c23d4c-9a41-4110-84e2-16337f661816,transaction,T00100327,UNUSUAL_LOCATION,high,Transaction occurred in a location inconsistent with the user's normal location.
c0f6252a-628b-4a81-9e9f-f0fb58b5f61b,transaction,T00100328,UNUSUAL_LOCATION,high,Transaction occurred in a location inconsistent with the user's normal location.
e94baf0a-5c42-4c2b-be76-07ed8ce02777,transaction,T00100329,UNUSUAL_LOCATION,high,Transaction occurred in a location inconsistent with the user's normal location.
df93440b-ca24-4757-ba2a-c6c63268e9b8,transaction,T00100330,UNUSUAL_LOCATION,high,Transaction occurred in a location inconsistent with the user's normal location.
09bb658c-abff-4ab9-8fc5-89b89edf001f,transaction,T00100331,UNUSUAL_LOCATION,high,Transaction occurred in a location inconsistent with the user's normal location.
be992105-08fd-405b-92b4-b0c2d228d3fc,transaction,T00100332,UNUSUAL_LOCATION,high,Transaction occurred in a location inconsistent with the user's normal location.
bf79cdd5-5f38-4725-8b2f-a8adb8f724bb,transaction,T00100333,UNUSUAL_LOCATION,high,Transaction occurred in a location inconsistent with the user's normal location.
ff94cb05-2f75-4e3b-9b58-01ac06b01948,transaction,T00100334,UNUSUAL_LOCATION,high,Transaction occurred in a location inconsistent with the user's normal location.
dfee893c-ad33-4394-b51b-c029c443ffda,transaction,T00100335,UNUSUAL_LOCATION,high,Transaction occurred in a location inconsistent with the user's normal location.
068df853-f667-4206-a9a2-3a97f5f9a54b,transaction,T00100336,UNUSUAL_LOCATION,high,Transaction occurred in a location inconsistent with the user's normal location.
987907f6-52a8-4d53-a678-2a3436d73554,transaction,T00100337,UNUSUAL_LOCATION,high,Transaction occurred in a location inconsistent with the user's normal location.
71f50e81-9ece-41e7-a355-728bcd03da60,transaction,T00100338,UNUSUAL_LOCATION,high,Transaction occurred in a location inconsistent with the user's normal location.
fc851b24-b050-46e2-b338-135a99edac09,transaction,T00100339,UNUSUAL_LOCATION,high,Transaction occurred in a location inconsistent with the user's normal location.
d8c8e02b-56dc-405a-b1c2-2115eb7e75f0,transaction,T00100340,UNUSUAL_LOCATION,high,Transaction occurred in a location inconsistent with the user's normal location.
5651e5a9-10f4-4328-b8aa-4f412e2aa9b0,transaction,T00100341,UNUSUAL_LOCATION,high,Transaction occurred in a location inconsistent with the user's normal location.
34fcc248-36e6-41e3-8593-b7e24d05bd5a,transaction,T00100342,UNUSUAL_LOCATION,high,Transaction occurred in a location inconsistent with the user's normal location.
885f85ce-7abf-4085-9730-abd13ceec51e,transaction,T00100343,UNUSUAL_LOCATION,high,Transaction occurred in a location inconsistent with the user's normal location.
cd1572b7-7f9c-45fb-80e2-5c48c8fddb0f,transaction,T00100344,UNUSUAL_LOCATION,high,Transaction occurred in a location inconsistent with the user's normal location.
c597af03-fb7a-4190-a59d-54d7d6d0dd32,transaction,T00100345,UNUSUAL_LOCATION,high,Transaction occurred in a location inconsistent with the user's normal location.
640b4afe-0615-496a-9f3c-05d1ea28ae0f,transaction,T00100346,UNUSUAL_LOCATION,high,Transaction occurred in a location inconsistent with the user's normal location.
08dac0b9-6903-404e-917d-47aa09da54ff,transaction,T00100347,UNUSUAL_LOCATION,high,Transaction occurred in a location inconsistent with the user's normal location.
9b4612fd-d1e8-4736-8f3a-ac76f233ac4e,transaction,T00100348,UNUSUAL_LOCATION,high,Transaction occurred in a location inconsistent with the user's normal location.
30210ee5-4cda-4024-a9b3-9c0d49c9c234,transaction,T00100349,UNUSUAL_LOCATION,high,Transaction occurred in a location inconsistent with the user's normal location.
cdd2f590-b6f0-4fba-878b-858ff45334ee,transaction,T00100350,UNUSUAL_LOCATION,high,Transaction occurred in a location inconsistent with the user's normal location.
a24446c0-3be8-411f-b023-0b3a728b39cf,transaction,T00100351,UNUSUAL_LOCATION,high,Transaction occurred in a location inconsistent with the user's normal location.
81a67fbb-e31b-477d-99df-d5493fc25c1e,transaction,T00100352,UNUSUAL_LOCATION,high,Transaction occurred in a location inconsistent with the user's normal location.
998cf20f-e3b8-4ca3-9d36-b55871bee053,transaction,T00100353,UNUSUAL_LOCATION,high,Transaction occurred in a location inconsistent with the user's normal location.
e316e230-1c9a-4584-aa01-a51bfa3dfbfa,transaction,T00100354,UNUSUAL_LOCATION,high,Transaction occurred in a location inconsistent with the user's normal location.
fe3f0d26-6914-4f8d-9fb1-fb3e7cc4f354,transaction,T00100355,UNUSUAL_LOCATION,high,Transaction occurred in a location inconsistent with the user's normal location.
e909be32-e8ce-42ca-b26a-d2a05cf71e3a,transaction,T00100356,UNUSUAL_LOCATION,high,Transaction occurred in a location inconsistent with the user's normal location.
08272453-95bd-472a-bded-0cb00d47bbcb,transaction,T00100357,UNUSUAL_LOCATION,high,Transaction occurred in a location inconsistent with the user's normal location.
131989b7-53cc-4a58-9de3-f9d674d7a541,transaction,T00100358,UNUSUAL_LOCATION,high,Transaction occurred in a location inconsistent with the user's normal location.
61533c44-2b3d-46ab-a4ac-2e3364330b2c,transaction,T00100359,UNUSUAL_LOCATION,high,Transaction occurred in a location inconsistent with the user's normal location.
87b99e58-f12c-40f4-a47c-2f9794e58abf,transaction,T00100360,UNUSUAL_LOCATION,high,Transaction occurred in a location inconsistent with the user's normal location.
a8daa707-c26e-4a28-b959-5090da8efadc,transaction,T00100361,UNUSUAL_LOCATION,high,Transaction occurred in a location inconsistent with the user's normal location.
4fb2c1fe-45f1-4b9b-8fb0-eb95aa308780,transaction,T00100362,UNUSUAL_LOCATION,high,Transaction occurred in a location inconsistent with the user's normal location.
46226d2f-b407-4c75-9ddc-904ecd4c21c8,transaction,T00100363,UNUSUAL_LOCATION,high,Transaction occurred in a location inconsistent with the user's normal location.
ce23f4ad-385b-4b84-9e27-bd907797c325,transaction,T00100364,UNUSUAL_LOCATION,high,Transaction occurred in a location inconsistent with the user's normal location.
0c7d7b76-ca17-4536-b1c1-ae1166300afe,transaction,T00100365,UNUSUAL_LOCATION,high,Transaction occurred in a location inconsistent with the user's normal location.
f21fc5b3-7add-4baf-8818-ac9dba38499f,transaction,T00100366,UNUSUAL_LOCATION,high,Transaction occurred in a location inconsistent with the user's normal location.
d1441050-a0c4-4f72-ac04-96890b0cc5a8,transaction,T00100367,UNUSUAL_LOCATION,high,Transaction occurred in a location inconsistent with the user's normal location.
2f94e475-2b5e-42ff-a50e-c19b784da869,transaction,T00100368,UNUSUAL_LOCATION,high,Transaction occurred in a location inconsistent with the user's normal location.
58a6b59e-4915-4e52-b8e7-091fd55cd02b,transaction,T00100369,UNUSUAL_LOCATION,high,Transaction occurred in a location inconsistent with the user's normal location.
392abd79-0f10-4aab-acb5-e44c35a1982e,transaction,T00100370,UNUSUAL_LOCATION,high,Transaction occurred in a location inconsistent with the user's normal location.
ed1281ba-c94b-435b-afac-043d7d983d86,transaction,T00100371,UNUSUAL_LOCATION,high,Transaction occurred in a location inconsistent with the user's normal location.
56513e17-b7aa-4bd7-8ac8-4a86ec2f7ed8,transaction,T00100372,UNUSUAL_LOCATION,high,Transaction occurred in a location inconsistent with the user's normal location.
83e5ddd2-79fb-4155-82b7-57dc50ab1e9d,transaction,T00100373,UNUSUAL_LOCATION,high,Transaction occurred in a location inconsistent with the user's normal location.
68d53a73-6240-4c44-b25c-d4b40ae9d4a5,transaction,T00100374,UNUSUAL_LOCATION,high,Transaction occurred in a location inconsistent with the user's normal location.
d3222396-2ed2-4bbd-b910-1feed1c2cd8f,transaction,T00100375,UNUSUAL_LOCATION,high,Transaction occurred in a location inconsistent with the user's normal location.
cbf9208b-309b-45b8-b05e-b137cdd88ff2,transaction,T00100376,UNUSUAL_LOCATION,high,Transaction occurred in a location inconsistent with the user's normal location.
1093a5fe-179c-40f1-b01f-d42fbd75e47d,transaction,T00100377,UNUSUAL_LOCATION,high,Transaction occurred in a location inconsistent with the user's normal location.
5389c789-e29f-4714-a2d8-5fbf93063629,transaction,T00100378,UNUSUAL_LOCATION,high,Transaction occurred in a location inconsistent with the user's normal location.
60b61e13-4617-43ea-aa03-3acdebc3fcac,transaction,T00100379,UNUSUAL_LOCATION,high,Transaction occurred in a location inconsistent with the user's normal location.
a3a7fd87-b68f-4d82-b731-6f35cd511fb3,transaction,T00100380,UNUSUAL_LOCATION,high,Transaction occurred in a location inconsistent with the user's normal location.
8469c85e-4092-4a7f-8d2b-e91225756dee,transaction,T00100381,UNUSUAL_LOCATION,high,Transaction occurred in a location inconsistent with the user's normal location.
63314c5d-9dd8-4f4b-bc1c-71831b1726c8,transaction,T00100382,UNUSUAL_LOCATION,high,Transaction occurred in a location inconsistent with the user's normal location.
6a8428ee-0bca-47a4-bdce-754c6a689bfb,transaction,T00100383,UNUSUAL_LOCATION,high,Transaction occurred in a location inconsistent with the user's normal location.
dcf8d176-d890-4d03-b31d-3b442a6ce769,transaction,T00100384,UNUSUAL_LOCATION,high,Transaction occurred in a location inconsistent with the user's normal location.
064b0d35-88a1-4756-a0bb-9425d1f2b391,transaction,T00100385,UNUSUAL_LOCATION,high,Transaction occurred in a location inconsistent with the user's normal location.
bba4d7ea-37be-47b4-ad33-22acc88e073f,transaction,T00100386,UNUSUAL_LOCATION,high,Transaction occurred in a location inconsistent with the user's normal location.
6e3eef23-7a36-412f-aa27-82405b5546af,transaction,T00100387,UNUSUAL_LOCATION,high,Transaction occurred in a location inconsistent with the user's normal location.
e1b7186b-facf-480f-ad54-052a14493c98,transaction,T00100388,UNUSUAL_LOCATION,high,Transaction occurred in a location inconsistent with the user's normal location.
36f57290-4f7a-4f2d-8344-fb40a5bedeff,transaction,T00100389,UNUSUAL_LOCATION,high,Transaction occurred in a location inconsistent with the user's normal location.
1a1ca365-8e28-46cd-b096-d4ff3727ef05,transaction,T00100390,UNUSUAL_LOCATION,high,Transaction occurred in a location inconsistent with the user's normal location.
479360c0-08ee-40bd-8485-a2e8a5985688,transaction,T00100391,UNUSUAL_LOCATION,high,Transaction occurred in a location inconsistent with the user's normal location.
301cd433-fa40-4ca1-8c0c-a0ab374bb247,transaction,T00100392,UNUSUAL_LOCATION,high,Transaction occurred in a location inconsistent with the user's normal location.
137cfdbf-fbca-4a10-aae6-9e185db82377,transaction,T00100393,UNUSUAL_LOCATION,high,Transaction occurred in a location inconsistent with the user's normal location.
19f5a22a-3996-4884-8fac-f8779209cb45,transaction,T00100394,UNUSUAL_LOCATION,high,Transaction occurred in a location inconsistent with the user's normal location.
2e665b24-89e0-439b-8bc4-3bb3a7504994,transaction,T00100395,UNUSUAL_LOCATION,high,Transaction occurred in a location inconsistent with the user's normal location.
e235be0f-7fdd-4ae5-90b9-2188c24b6d76,transaction,T00100396,UNUSUAL_LOCATION,high,Transaction occurred in a location inconsistent with the user's normal location.
e256e82f-162e-4469-8a20-e41678aa23b9,transaction,T00100397,UNUSUAL_LOCATION,high,Transaction occurred in a location inconsistent with the user's normal location.
d6dbf715-64bd-4956-87e8-232fdd5d2fea,transaction,T00100398,UNUSUAL_LOCATION,high,Transaction occurred in a location inconsistent with the user's normal location.
aef349c6-fa96-4441-9918-87814b97e6ff,transaction,T00100399,UNUSUAL_LOCATION,high,Transaction occurred in a location inconsistent with the user's normal location.
d1fce909-8695-4361-b4b4-2ae609d634ec,transaction,T00100400,UNUSUAL_LOCATION,high,Transaction occurred in a location inconsistent with the user's normal location.
59582d11-65e5-4936-bc89-eed6a8a08cc6,transaction,T00100401,HIGH_TRANSACTION_FREQUENCY,medium,Multiple transactions occurred within an unusually short time window.
865b1d8c-ba0a-4f34-90bc-58b2b3e54cb8,transaction,T00100402,HIGH_TRANSACTION_FREQUENCY,medium,Multiple transactions occurred within an unusually short time window.
9ae8d363-61a3-4f0d-815b-371d1208d936,transaction,T00100403,HIGH_TRANSACTION_FREQUENCY,medium,Multiple transactions occurred within an unusually short time window.
581997ce-1220-4d49-977c-29cb24c73045,transaction,T00100404,HIGH_TRANSACTION_FREQUENCY,medium,Multiple transactions occurred within an unusually short time window.
9f4c4754-c469-4aa5-b11d-133f4afb4b86,transaction,T00100405,HIGH_TRANSACTION_FREQUENCY,medium,Multiple transactions occurred within an unusually short time window.
e391a385-797b-4547-a4c5-0fe7ebd6d573,transaction,T00100406,HIGH_TRANSACTION_FREQUENCY,medium,Multiple transactions occurred within an unusually short time window.
cf927866-8cbc-4122-b5d3-31c2e430e7be,transaction,T00100407,HIGH_TRANSACTION_FREQUENCY,medium,Multiple transactions occurred within an unusually short time window.
6cac5c4c-7c4c-4c7d-9965-074051e25923,transaction,T00100408,HIGH_TRANSACTION_FREQUENCY,medium,Multiple transactions occurred within an unusually short time window.
c6822c06-6694-482c-adb2-d168db97c1bc,transaction,T00100409,HIGH_TRANSACTION_FREQUENCY,medium,Multiple transactions occurred within an unusually short time window.
f986e2fa-6c4a-4c13-ace8-bbf1d65efd5a,transaction,T00100410,HIGH_TRANSACTION_FREQUENCY,medium,Multiple transactions occurred within an unusually short time window.
e98ba91b-8265-42e1-81fa-806bf1380494,transaction,T00100411,HIGH_TRANSACTION_FREQUENCY,medium,Multiple transactions occurred within an unusually short time window.
d0e744ed-9e4f-4ecd-b880-214b7c9767e1,transaction,T00100412,HIGH_TRANSACTION_FREQUENCY,medium,Multiple transactions occurred within an unusually short time window.
003d963b-e2c4-44d3-a23d-5fe4a334a131,transaction,T00100413,HIGH_TRANSACTION_FREQUENCY,medium,Multiple transactions occurred within an unusually short time window.
247fed99-a112-4483-b4b2-838135a6edd6,transaction,T00100414,HIGH_TRANSACTION_FREQUENCY,medium,Multiple transactions occurred within an unusually short time window.
432da0cd-df40-404e-a201-22c886eb2aca,transaction,T00100415,HIGH_TRANSACTION_FREQUENCY,medium,Multiple transactions occurred within an unusually short time window.
01ff0a7e-0f54-4f3a-80d4-25fc3bcb7d73,transaction,T00100416,HIGH_TRANSACTION_FREQUENCY,medium,Multiple transactions occurred within an unusually short time window.
2195b7a2-568a-4977-9e73-fe1b2b0c6b55,transaction,T00100417,HIGH_TRANSACTION_FREQUENCY,medium,Multiple transactions occurred within an unusually short time window.
0514fbb6-b010-4305-aeb0-c7e8cbe1ab86,transaction,T00100418,HIGH_TRANSACTION_FREQUENCY,medium,Multiple transactions occurred within an unusually short time window.
c47466b5-0cf0-4a9f-9591-b994224031c6,transaction,T00100419,HIGH_TRANSACTION_FREQUENCY,medium,Multiple transactions occurred within an unusually short time window.
c80fe4c8-3072-41c1-aafd-e6fadfbd2a07,transaction,T00100420,HIGH_TRANSACTION_FREQUENCY,medium,Multiple transactions occurred within an unusually short time window.
ab5618a1-81e4-413d-b43f-fc612e747fbc,transaction,T00100421,HIGH_TRANSACTION_FREQUENCY,medium,Multiple transactions occurred within an unusually short time window.
54264204-4418-4851-baa9-264b63f99a7c,transaction,T00100422,HIGH_TRANSACTION_FREQUENCY,medium,Multiple transactions occurred within an unusually short time window.
ad5ebf7a-14a9-4f33-8dfd-9bd6f3ae66c4,transaction,T00100423,HIGH_TRANSACTION_FREQUENCY,medium,Multiple transactions occurred within an unusually short time window.
a3436a28-4189-4d72-9695-b6ea415a53bf,transaction,T00100424,HIGH_TRANSACTION_FREQUENCY,medium,Multiple transactions occurred within an unusually short time window.
a3a3d885-4060-4e8f-bf2a-8d691032887b,transaction,T00100425,HIGH_TRANSACTION_FREQUENCY,medium,Multiple transactions occurred within an unusually short time window.
42145244-7399-4f44-9c74-bb76bf7289a9,transaction,T00100426,HIGH_TRANSACTION_FREQUENCY,medium,Multiple transactions occurred within an unusually short time window.
99d740da-c998-43e4-8519-8454548db624,transaction,T00100427,HIGH_TRANSACTION_FREQUENCY,medium,Multiple transactions occurred within an unusually short time window.
03e19377-9309-4065-aa8a-da79a6c49fd0,transaction,T00100428,HIGH_TRANSACTION_FREQUENCY,medium,Multiple transactions occurred within an unusually short time window.
8ebeceff-fb76-41bf-b693-fdb2827f656c,transaction,T00100429,HIGH_TRANSACTION_FREQUENCY,medium,Multiple transactions occurred within an unusually short time window.
25c6da29-56c7-4408-887b-123cdf3e733d,transaction,T00100430,HIGH_TRANSACTION_FREQUENCY,medium,Multiple transactions occurred within an unusually short time window.
962debb3-b40e-4596-b0b2-35400343a024,transaction,T00100431,HIGH_TRANSACTION_FREQUENCY,medium,Multiple transactions occurred within an unusually short time window.
c5d118b8-5ec4-45b5-83b0-38ab8c2c47c2,transaction,T00100432,HIGH_TRANSACTION_FREQUENCY,medium,Multiple transactions occurred within an unusually short time window.
40a2c80a-c0b5-4a42-96de-18dcfbd932f0,transaction,T00100433,HIGH_TRANSACTION_FREQUENCY,medium,Multiple transactions occurred within an unusually short time window.
3ba4746e-542e-4914-ab25-08f2301a76eb,transaction,T00100434,HIGH_TRANSACTION_FREQUENCY,medium,Multiple transactions occurred within an unusually short time window.
aa6112bb-e3c2-4df3-ac1f-353fc88ab516,transaction,T00100435,HIGH_TRANSACTION_FREQUENCY,medium,Multiple transactions occurred within an unusually short time window.
220093a5-4034-48a6-8533-728183b4dfa5,transaction,T00100436,HIGH_TRANSACTION_FREQUENCY,medium,Multiple transactions occurred within an unusually short time window.
ca92f761-eb77-44d3-8d69-80137f6e53fb,transaction,T00100437,HIGH_TRANSACTION_FREQUENCY,medium,Multiple transactions occurred within an unusually short time window.
715c813d-4a96-4efc-9ecc-fa6c6cd4ea75,transaction,T00100438,HIGH_TRANSACTION_FREQUENCY,medium,Multiple transactions occurred within an unusually short time window.
b2177781-0fc5-4cce-ab36-5143f3f3c90e,transaction,T00100439,HIGH_TRANSACTION_FREQUENCY,medium,Multiple transactions occurred within an unusually short time window.
031a0b42-c0a5-4ca0-8b1a-a250573b8ea6,transaction,T00100440,HIGH_TRANSACTION_FREQUENCY,medium,Multiple transactions occurred within an unusually short time window.
c38c8e50-a321-4991-b017-3bbda47f6603,transaction,T00100441,HIGH_TRANSACTION_FREQUENCY,medium,Multiple transactions occurred within an unusually short time window.
b7a47f2e-10fa-4a32-88da-8059d8c40e30,transaction,T00100442,HIGH_TRANSACTION_FREQUENCY,medium,Multiple transactions occurred within an unusually short time window.
310fcbc7-8564-4b53-9d97-c4bd2fb40208,transaction,T00100443,HIGH_TRANSACTION_FREQUENCY,medium,Multiple transactions occurred within an unusually short time window.
6313f8f0-170a-4e2a-8ce8-7c45d91a23e2,transaction,T00100444,HIGH_TRANSACTION_FREQUENCY,medium,Multiple transactions occurred within an unusually short time window.
6d38de28-ab13-48cf-962d-3e2471d440b4,transaction,T00100445,HIGH_TRANSACTION_FREQUENCY,medium,Multiple transactions occurred within an unusually short time window.
282cd362-bde3-4f23-99ba-615375feb7cb,transaction,T00100446,HIGH_TRANSACTION_FREQUENCY,medium,Multiple transactions occurred within an unusually short time window.
8ef94b44-e7a1-4fdf-b335-bb36813e146c,transaction,T00100447,HIGH_TRANSACTION_FREQUENCY,medium,Multiple transactions occurred within an unusually short time window.
5e93282f-dac7-4188-b64f-8f1efdec9cb7,transaction,T00100448,HIGH_TRANSACTION_FREQUENCY,medium,Multiple transactions occurred within an unusually short time window.
f61816f4-2ffb-4064-b3fe-3a69129cbf78,transaction,T00100449,HIGH_TRANSACTION_FREQUENCY,medium,Multiple transactions occurred within an unusually short time window.
4216ea80-6106-44f9-954e-f21e41c6b13d,transaction,T00100450,HIGH_TRANSACTION_FREQUENCY,medium,Multiple transactions occurred within an unusually short time window.
da82205b-082f-421a-bdfc-6b17bace01c7,transaction,T00100451,HIGH_TRANSACTION_FREQUENCY,medium,Multiple transactions occurred within an unusually short time window.
961650fa-9694-49f3-a4b6-95d969c527ad,transaction,T00100452,HIGH_TRANSACTION_FREQUENCY,medium,Multiple transactions occurred within an unusually short time window.
fc14feb5-32ab-4b48-a478-aef8e1dabf17,transaction,T00100453,HIGH_TRANSACTION_FREQUENCY,medium,Multiple transactions occurred within an unusually short time window.
9d4678ab-43e2-4a77-8301-b66b97e910c0,transaction,T00100454,HIGH_TRANSACTION_FREQUENCY,medium,Multiple transactions occurred within an unusually short time window.
e3eb315b-7747-46e2-b8c0-729cc06d12cf,transaction,T00100455,HIGH_TRANSACTION_FREQUENCY,medium,Multiple transactions occurred within an unusually short time window.
c4617214-9892-4615-8ef2-8b6b8b1d8f39,transaction,T00100456,HIGH_TRANSACTION_FREQUENCY,medium,Multiple transactions occurred within an unusually short time window.
2f8778b1-68de-4bce-a2b1-a6ad8012962b,transaction,T00100457,HIGH_TRANSACTION_FREQUENCY,medium,Multiple transactions occurred within an unusually short time window.
4d995178-fdf6-466c-8bd6-148863f4bc61,transaction,T00100458,HIGH_TRANSACTION_FREQUENCY,medium,Multiple transactions occurred within an unusually short time window.
0935777b-850a-44c5-9621-8331ffbea775,transaction,T00100459,HIGH_TRANSACTION_FREQUENCY,medium,Multiple transactions occurred within an unusually short time window.
8c2ce6ab-7f54-4663-b316-d3e99a088e61,transaction,T00100460,HIGH_TRANSACTION_FREQUENCY,medium,Multiple transactions occurred within an unusually short time window.
14e8b0bc-9d46-4e11-9706-ef63ee1036fc,transaction,T00100461,HIGH_TRANSACTION_FREQUENCY,medium,Multiple transactions occurred within an unusually short time window.
53a83d01-654a-4147-88cc-8dfc850bf42e,transaction,T00100462,HIGH_TRANSACTION_FREQUENCY,medium,Multiple transactions occurred within an unusually short time window.
4c381711-4f07-413e-a900-df328fb78656,transaction,T00100463,HIGH_TRANSACTION_FREQUENCY,medium,Multiple transactions occurred within an unusually short time window.
32d50576-caa2-4809-8829-851e0020ce06,transaction,T00100464,HIGH_TRANSACTION_FREQUENCY,medium,Multiple transactions occurred within an unusually short time window.
9019dfb0-7db8-44ba-b426-7517c50dd10b,transaction,T00100465,HIGH_TRANSACTION_FREQUENCY,medium,Multiple transactions occurred within an unusually short time window.
31cb1f1f-a164-4456-99d0-f303f6efa055,transaction,T00100466,HIGH_TRANSACTION_FREQUENCY,medium,Multiple transactions occurred within an unusually short time window.
b46d7981-1cc0-43a0-a64e-6be6b1cec98b,transaction,T00100467,HIGH_TRANSACTION_FREQUENCY,medium,Multiple transactions occurred within an unusually short time window.
244822e3-5da9-45ab-b8c8-dfea2e5e74ca,transaction,T00100468,HIGH_TRANSACTION_FREQUENCY,medium,Multiple transactions occurred within an unusually short time window.
342dd60d-aff2-40e8-abdb-eef53daae8f5,transaction,T00100469,HIGH_TRANSACTION_FREQUENCY,medium,Multiple transactions occurred within an unusually short time window.
7f4da7c4-deab-4218-ba12-3d213851bee1,transaction,T00100470,HIGH_TRANSACTION_FREQUENCY,medium,Multiple transactions occurred within an unusually short time window.
38fc83af-06df-47f5-9734-d867d718aa1f,transaction,T00100471,HIGH_TRANSACTION_FREQUENCY,medium,Multiple transactions occurred within an unusually short time window.
026ebcd7-1d69-4c01-ae5e-180755c39b0a,transaction,T00100472,HIGH_TRANSACTION_FREQUENCY,medium,Multiple transactions occurred within an unusually short time window.
bd37ea1c-f91b-4648-863c-5a0d96a4f29f,transaction,T00100473,HIGH_TRANSACTION_FREQUENCY,medium,Multiple transactions occurred within an unusually short time window.
de1415c1-cc59-4cc2-98a1-1eb6a6d95a29,transaction,T00100474,HIGH_TRANSACTION_FREQUENCY,medium,Multiple transactions occurred within an unusually short time window.
1d4867b4-ee55-40c8-9252-bafb542a2afe,transaction,T00100475,HIGH_TRANSACTION_FREQUENCY,medium,Multiple transactions occurred within an unusually short time window.
16664b38-e8c5-4751-bb34-dcecf251241c,transaction,T00100476,HIGH_TRANSACTION_FREQUENCY,medium,Multiple transactions occurred within an unusually short time window.
cfdb7ef3-cd83-4def-a741-601c5de21d5e,transaction,T00100477,HIGH_TRANSACTION_FREQUENCY,medium,Multiple transactions occurred within an unusually short time window.
f3a6c903-ead3-464f-b4f4-5b6949f6ad07,transaction,T00100478,HIGH_TRANSACTION_FREQUENCY,medium,Multiple transactions occurred within an unusually short time window.
7f231775-a737-4846-aab6-ec18efccb295,transaction,T00100479,HIGH_TRANSACTION_FREQUENCY,medium,Multiple transactions occurred within an unusually short time window.
0e54768d-f3ee-4602-b980-1f0470ad089c,transaction,T00100480,HIGH_TRANSACTION_FREQUENCY,medium,Multiple transactions occurred within an unusually short time window.
1e9a26c1-054e-4f41-82a6-fba98320f217,transaction,T00100481,HIGH_TRANSACTION_FREQUENCY,medium,Multiple transactions occurred within an unusually short time window.
1ee37434-e854-4a11-a152-be18d50dad69,transaction,T00100482,HIGH_TRANSACTION_FREQUENCY,medium,Multiple transactions occurred within an unusually short time window.
83102d82-b228-4903-acf5-a5669be0699e,transaction,T00100483,HIGH_TRANSACTION_FREQUENCY,medium,Multiple transactions occurred within an unusually short time window.
7117a105-4eda-46e4-b3b1-9101f04f3f9a,transaction,T00100484,HIGH_TRANSACTION_FREQUENCY,medium,Multiple transactions occurred within an unusually short time window.
e54bf7ee-36f1-498b-aab7-f2296bbf3768,transaction,T00100485,HIGH_TRANSACTION_FREQUENCY,medium,Multiple transactions occurred within an unusually short time window.
4acef14b-6749-438f-a8a7-63e823f4a9e1,transaction,T00100486,HIGH_TRANSACTION_FREQUENCY,medium,Multiple transactions occurred within an unusually short time window.
8027ee56-2aeb-4e18-94e9-5823b27502e9,transaction,T00100487,HIGH_TRANSACTION_FREQUENCY,medium,Multiple transactions occurred within an unusually short time window.
4f545006-1022-42a8-a7f8-f46c78b14901,transaction,T00100488,HIGH_TRANSACTION_FREQUENCY,medium,Multiple transactions occurred within an unusually short time window.
1278471f-793b-475e-b7d8-ac3f97bbe4d4,transaction,T00100489,HIGH_TRANSACTION_FREQUENCY,medium,Multiple transactions occurred within an unusually short time window.
3eb4b5a3-1b13-4247-b677-a916127b1ea7,transaction,T00100490,HIGH_TRANSACTION_FREQUENCY,medium,Multiple transactions occurred within an unusually short time window.
17ea1301-c57c-48b1-8128-3f00cb57f9c3,transaction,T00100491,HIGH_TRANSACTION_FREQUENCY,medium,Multiple transactions occurred within an unusually short time window.
17950816-cb69-49e2-961c-a9e7f91de886,transaction,T00100492,HIGH_TRANSACTION_FREQUENCY,medium,Multiple transactions occurred within an unusually short time window.
8b89cd5f-b0f8-470a-8e09-e710832c269d,transaction,T00100493,HIGH_TRANSACTION_FREQUENCY,medium,Multiple transactions occurred within an unusually short time window.
dbd2c76e-6c72-417b-8872-2c8023bf8172,transaction,T00100494,HIGH_TRANSACTION_FREQUENCY,medium,Multiple transactions occurred within an unusually short time window.
e31df11a-f7a3-4f16-b020-0ca0418f86fd,transaction,T00100495,HIGH_TRANSACTION_FREQUENCY,medium,Multiple transactions occurred within an unusually short time window.
0d278df5-4d40-4ddb-98dc-064c9d1f635f,transaction,T00100496,HIGH_TRANSACTION_FREQUENCY,medium,Multiple transactions occurred within an unusually short time window.
fc55e512-b102-413f-b56e-b5a98959d8b6,transaction,T00100497,HIGH_TRANSACTION_FREQUENCY,medium,Multiple transactions occurred within an unusually short time window.
846cc345-685b-474a-9ce3-13a925998eb1,transaction,T00100498,HIGH_TRANSACTION_FREQUENCY,medium,Multiple transactions occurred within an unusually short time window.
1d4a04d5-d0ee-49b1-974c-158d1b688c3f,transaction,T00100499,HIGH_TRANSACTION_FREQUENCY,medium,Multiple transactions occurred within an unusually short time window.
2a7f766d-513f-49ba-bd03-9181e88af804,transaction,T00100500,HIGH_TRANSACTION_FREQUENCY,medium,Multiple transactions occurred within an unusually short time window.
7820c0a0-8500-40c8-835e-38ec4a026e86,transaction,T00100501,HIGH_TRANSACTION_FREQUENCY,medium,Multiple transactions occurred within an unusually short time window.
b8b07971-0d8c-455b-afd8-93b4f3ae4043,transaction,T00100502,HIGH_TRANSACTION_FREQUENCY,medium,Multiple transactions occurred within an unusually short time window.
64f25b55-cce3-46eb-849b-629f0cd4e4bb,transaction,T00100503,HIGH_TRANSACTION_FREQUENCY,medium,Multiple transactions occurred within an unusually short time window.
ed20fcec-0ce1-4e37-9bd2-29953871545f,transaction,T00100504,HIGH_TRANSACTION_FREQUENCY,medium,Multiple transactions occurred within an unusually short time window.
7eb87243-21e7-409f-b792-ed82f83ad8d7,transaction,T00100505,HIGH_TRANSACTION_FREQUENCY,medium,Multiple transactions occurred within an unusually short time window.
f365d24c-5e47-4c94-9dba-ef1fbf5d8353,transaction,T00100506,HIGH_TRANSACTION_FREQUENCY,medium,Multiple transactions occurred within an unusually short time window.
9babc86f-ec9d-4942-acfe-5ccca1da61cb,transaction,T00100507,HIGH_TRANSACTION_FREQUENCY,medium,Multiple transactions occurred within an unusually short time window.
bfc0fe3f-e8f3-44d2-add3-376261e21245,transaction,T00100508,HIGH_TRANSACTION_FREQUENCY,medium,Multiple transactions occurred within an unusually short time window.
6bb04d07-6a45-4500-8bc3-91666a33cfe7,transaction,T00100509,HIGH_TRANSACTION_FREQUENCY,medium,Multiple transactions occurred within an unusually short time window.
c3cc3f19-37c5-47a9-95af-78c2c93162eb,transaction,T00100510,HIGH_TRANSACTION_FREQUENCY,medium,Multiple transactions occurred within an unusually short time window.
ce59dfac-fa61-40b8-8d72-6164fad6c846,transaction,T00100511,HIGH_TRANSACTION_FREQUENCY,medium,Multiple transactions occurred within an unusually short time window.
beda6774-de6e-4c87-8f68-77bbfdb36912,transaction,T00100512,HIGH_TRANSACTION_FREQUENCY,medium,Multiple transactions occurred within an unusually short time window.
ab5bd481-5c64-4b77-b78c-413f7bf710ae,transaction,T00100513,HIGH_TRANSACTION_FREQUENCY,medium,Multiple transactions occurred within an unusually short time window.
7062e6fc-3fe7-4641-af2f-b3c4e3f4b9a1,transaction,T00100514,HIGH_TRANSACTION_FREQUENCY,medium,Multiple transactions occurred within an unusually short time window.
fda9da97-fb71-4d8d-99d9-f0efe2393c39,transaction,T00100515,HIGH_TRANSACTION_FREQUENCY,medium,Multiple transactions occurred within an unusually short time window.
1625549a-79b6-453f-944d-331dd177df23,transaction,T00100516,HIGH_TRANSACTION_FREQUENCY,medium,Multiple transactions occurred within an unusually short time window.
bd531277-04ab-4cef-949e-f6450f48e429,transaction,T00100517,HIGH_TRANSACTION_FREQUENCY,medium,Multiple transactions occurred within an unusually short time window.
faf0ba8b-ded7-4bb0-b06f-8fdde8ca385b,transaction,T00100518,HIGH_TRANSACTION_FREQUENCY,medium,Multiple transactions occurred within an unusually short time window.
a0ced380-6d14-40ff-b719-e2893652d4d9,transaction,T00100519,HIGH_TRANSACTION_FREQUENCY,medium,Multiple transactions occurred within an unusually short time window.
7af392b6-fd64-4a4a-b158-82ebe7f17835,transaction,T00100520,HIGH_TRANSACTION_FREQUENCY,medium,Multiple transactions occurred within an unusually short time window.
923ff509-b3b1-441e-8ee4-eaf916db2944,transaction,T00100521,HIGH_TRANSACTION_FREQUENCY,medium,Multiple transactions occurred within an unusually short time window.
0534534f-39a4-4434-9a05-55d1775510f6,transaction,T00100522,HIGH_TRANSACTION_FREQUENCY,medium,Multiple transactions occurred within an unusually short time window.
d91323da-9bfa-4e66-bf44-a757818e4f20,transaction,T00100523,HIGH_TRANSACTION_FREQUENCY,medium,Multiple transactions occurred within an unusually short time window.
03b3acaf-702e-47fb-92b1-2515c0f889ed,transaction,T00100524,HIGH_TRANSACTION_FREQUENCY,medium,Multiple transactions occurred within an unusually short time window.
31fd2ec8-798b-4eed-b3bf-68a196886d12,transaction,T00100525,HIGH_TRANSACTION_FREQUENCY,medium,Multiple transactions occurred within an unusually short time window.
aa5c2045-483d-49e3-93af-0cc7d3787a71,transaction,T00100526,HIGH_TRANSACTION_FREQUENCY,medium,Multiple transactions occurred within an unusually short time window.
233d51c4-aedf-4299-a393-8ae0357e242f,transaction,T00100527,HIGH_TRANSACTION_FREQUENCY,medium,Multiple transactions occurred within an unusually short time window.
f2b01e17-e2e1-4a83-846e-3e8d6f2f5878,transaction,T00100528,HIGH_TRANSACTION_FREQUENCY,medium,Multiple transactions occurred within an unusually short time window.
980d6a3e-6cb8-4baf-b621-d95f59b9fd5b,transaction,T00100529,HIGH_TRANSACTION_FREQUENCY,medium,Multiple transactions occurred within an unusually short time window.
a1ad1518-7e74-4bf4-b9ab-e3d994c96a75,transaction,T00100530,HIGH_TRANSACTION_FREQUENCY,medium,Multiple transactions occurred within an unusually short time window.
cc32341a-7037-4941-9221-cec79b4656d2,transaction,T00100531,HIGH_TRANSACTION_FREQUENCY,medium,Multiple transactions occurred within an unusually short time window.
4458ea0b-b7a8-47a9-905c-5a9dd0896e64,transaction,T00100532,HIGH_TRANSACTION_FREQUENCY,medium,Multiple transactions occurred within an unusually short time window.
79fab95c-1de8-4f0d-92af-edf90ac76f94,transaction,T00100533,HIGH_TRANSACTION_FREQUENCY,medium,Multiple transactions occurred within an unusually short time window.
00a9c008-5369-4319-adc9-ee7e6f361291,transaction,T00100534,HIGH_TRANSACTION_FREQUENCY,medium,Multiple transactions occurred within an unusually short time window.
8abf7132-832c-4897-9625-61750c99e40b,transaction,T00100535,HIGH_TRANSACTION_FREQUENCY,medium,Multiple transactions occurred within an unusually short time window.
e98aeb1d-7850-4813-88a3-e846c33b7ebe,transaction,T00100536,HIGH_TRANSACTION_FREQUENCY,medium,Multiple transactions occurred within an unusually short time window.
264786c9-ddec-429b-9a63-9fd5ebf3640a,transaction,T00100537,HIGH_TRANSACTION_FREQUENCY,medium,Multiple transactions occurred within an unusually short time window.
8c2e000a-89b2-4eac-8270-99203accc344,transaction,T00100538,HIGH_TRANSACTION_FREQUENCY,medium,Multiple transactions occurred within an unusually short time window.
43261df7-4b6e-4724-b20a-c753d001d56b,transaction,T00100539,HIGH_TRANSACTION_FREQUENCY,medium,Multiple transactions occurred within an unusually short time window.
607e0a99-9cdc-4e7a-838d-15bddbb2b3f8,transaction,T00100540,HIGH_TRANSACTION_FREQUENCY,medium,Multiple transactions occurred within an unusually short time window.
0f9bc6f2-8c73-4a5f-99b2-e14eb86362b7,transaction,T00100541,HIGH_TRANSACTION_FREQUENCY,medium,Multiple transactions occurred within an unusually short time window.
a5291f76-c411-46a3-afe7-3b5d5d83ce44,transaction,T00100542,HIGH_TRANSACTION_FREQUENCY,medium,Multiple transactions occurred within an unusually short time window.
a4c69cc1-d64f-4ca1-9bf8-4e7a09dabbc7,transaction,T00100543,HIGH_TRANSACTION_FREQUENCY,medium,Multiple transactions occurred within an unusually short time window.
d4e847a0-e2fa-4c29-b0c9-8cb32c6097e9,transaction,T00100544,HIGH_TRANSACTION_FREQUENCY,medium,Multiple transactions occurred within an unusually short time window.
dac2b868-336e-4d96-8eb2-ea677d769177,transaction,T00100545,HIGH_TRANSACTION_FREQUENCY,medium,Multiple transactions occurred within an unusually short time window.
c048fc30-afbd-4129-b1e2-2b1435c71182,transaction,T00100546,HIGH_TRANSACTION_FREQUENCY,medium,Multiple transactions occurred within an unusually short time window.
12e4af30-13d4-44f0-a3a8-02cd805e2392,transaction,T00100547,HIGH_TRANSACTION_FREQUENCY,medium,Multiple transactions occurred within an unusually short time window.
364a5a94-f795-4aa0-bdb4-28ffee3c9035,transaction,T00100548,HIGH_TRANSACTION_FREQUENCY,medium,Multiple transactions occurred within an unusually short time window.
c3f312c6-61c7-4bfb-b33f-1bc254a2879c,transaction,T00100549,HIGH_TRANSACTION_FREQUENCY,medium,Multiple transactions occurred within an unusually short time window.
f4dd3d2d-82e0-4e31-a5a7-c0804e28177e,transaction,T00100550,HIGH_TRANSACTION_FREQUENCY,medium,Multiple transactions occurred within an unusually short time window.
a2e8043b-59e7-403f-bd97-6c55a20ca284,transaction,T00100551,HIGH_TRANSACTION_FREQUENCY,medium,Multiple transactions occurred within an unusually short time window.
a1bb72b7-1d43-4e89-b743-0f8df7744fb8,transaction,T00100552,HIGH_TRANSACTION_FREQUENCY,medium,Multiple transactions occurred within an unusually short time window.
b6f22249-fd8c-40b8-a937-87a9bf2f8e14,transaction,T00100553,HIGH_TRANSACTION_FREQUENCY,medium,Multiple transactions occurred within an unusually short time window.
ad9c0c3c-3d31-4654-81df-d72fde675fb4,transaction,T00100554,HIGH_TRANSACTION_FREQUENCY,medium,Multiple transactions occurred within an unusually short time window.
ddf1978d-4d78-48b8-94a9-cd40862b9764,transaction,T00100555,HIGH_TRANSACTION_FREQUENCY,medium,Multiple transactions occurred within an unusually short time window.
a5bd6ad9-a1fe-495b-9b49-36a33c14c8b7,transaction,T00100556,HIGH_TRANSACTION_FREQUENCY,medium,Multiple transactions occurred within an unusually short time window.
9d01a4bf-a22a-4827-998a-01315ec763d8,transaction,T00100557,HIGH_TRANSACTION_FREQUENCY,medium,Multiple transactions occurred within an unusually short time window.
19f39da2-04f3-4ce7-944a-836bcc7837ee,transaction,T00100558,HIGH_TRANSACTION_FREQUENCY,medium,Multiple transactions occurred within an unusually short time window.
d10f24da-98f0-4340-8453-20716830e9c5,transaction,T00100559,HIGH_TRANSACTION_FREQUENCY,medium,Multiple transactions occurred within an unusually short time window.
5d773b33-2844-40b1-b299-2425724b899f,transaction,T00100560,HIGH_TRANSACTION_FREQUENCY,medium,Multiple transactions occurred within an unusually short time window.
113174ca-661b-4a8f-85fb-ce9f0bfc787a,transaction,T00100561,HIGH_TRANSACTION_FREQUENCY,medium,Multiple transactions occurred within an unusually short time window.
2c713769-d18c-4991-a558-b34fb096cd9c,transaction,T00100562,HIGH_TRANSACTION_FREQUENCY,medium,Multiple transactions occurred within an unusually short time window.
f8c26d24-9b70-46de-b13b-a4e217767f60,transaction,T00100563,HIGH_TRANSACTION_FREQUENCY,medium,Multiple transactions occurred within an unusually short time window.
46444e2c-022f-41c8-8ba8-92ad4be4a131,transaction,T00100564,HIGH_TRANSACTION_FREQUENCY,medium,Multiple transactions occurred within an unusually short time window.
fb27e37c-7745-4348-84c5-3607e064be9a,transaction,T00100565,HIGH_TRANSACTION_FREQUENCY,medium,Multiple transactions occurred within an unusually short time window.
8c4b57aa-7864-4ebe-a7c4-40d1c8295df7,transaction,T00100566,HIGH_TRANSACTION_FREQUENCY,medium,Multiple transactions occurred within an unusually short time window.
1391d999-3099-4e73-a241-1da4ec6d2c7b,transaction,T00100567,HIGH_TRANSACTION_FREQUENCY,medium,Multiple transactions occurred within an unusually short time window.
b0a9ab9e-ae63-43b1-94db-38b9a5919036,transaction,T00100568,HIGH_TRANSACTION_FREQUENCY,medium,Multiple transactions occurred within an unusually short time window.
e405d9e5-3e82-4816-ac6a-063230feeb35,transaction,T00100569,HIGH_TRANSACTION_FREQUENCY,medium,Multiple transactions occurred within an unusually short time window.
a93e4cfb-9905-487e-bf1d-aa990ac4729a,transaction,T00100570,HIGH_TRANSACTION_FREQUENCY,medium,Multiple transactions occurred within an unusually short time window.
f6d23e6a-de64-4026-a195-c254a6b89a4e,transaction,T00100571,HIGH_TRANSACTION_FREQUENCY,medium,Multiple transactions occurred within an unusually short time window.
5abfa99e-2fb9-4951-89e0-42b47c86326e,transaction,T00100572,HIGH_TRANSACTION_FREQUENCY,medium,Multiple transactions occurred within an unusually short time window.
fafbb0ab-b77c-4794-ba08-d0c0191b465d,transaction,T00100573,HIGH_TRANSACTION_FREQUENCY,medium,Multiple transactions occurred within an unusually short time window.
3666215d-0f7f-4d49-9e2b-f256c641eaff,transaction,T00100574,HIGH_TRANSACTION_FREQUENCY,medium,Multiple transactions occurred within an unusually short time window.
478a22e8-f3d0-42df-b746-f77e478ac6d9,transaction,T00100575,HIGH_TRANSACTION_FREQUENCY,medium,Multiple transactions occurred within an unusually short time window.
f5491a94-93d6-4670-8524-18e76c6c0df7,transaction,T00100576,HIGH_TRANSACTION_FREQUENCY,medium,Multiple transactions occurred within an unusually short time window.
4b9cb147-5789-4bfa-96b7-a68d187a8216,transaction,T00100577,HIGH_TRANSACTION_FREQUENCY,medium,Multiple transactions occurred within an unusually short time window.
1869698a-a296-49cc-be53-0f38ab692fe8,transaction,T00100578,HIGH_TRANSACTION_FREQUENCY,medium,Multiple transactions occurred within an unusually short time window.
95eed7fe-3d2d-43a9-aa36-e9bd91b51271,transaction,T00100579,HIGH_TRANSACTION_FREQUENCY,medium,Multiple transactions occurred within an unusually short time window.
39ebdcf1-8075-498d-b03d-60b49ebeaa1a,transaction,T00100580,HIGH_TRANSACTION_FREQUENCY,medium,Multiple transactions occurred within an unusually short time window.
449903fd-ca0a-4fb5-974f-04995a8b89bb,transaction,T00100581,HIGH_TRANSACTION_FREQUENCY,medium,Multiple transactions occurred within an unusually short time window.
e3d5dba7-601b-42bf-b3bc-70a6fd2dc4eb,transaction,T00100582,HIGH_TRANSACTION_FREQUENCY,medium,Multiple transactions occurred within an unusually short time window.
fc3acbd5-04da-496e-90bf-cac1ef84b075,transaction,T00100583,HIGH_TRANSACTION_FREQUENCY,medium,Multiple transactions occurred within an unusually short time window.
5ec2b6ba-763e-4c74-bd60-cf8e36d6ad02,transaction,T00100584,HIGH_TRANSACTION_FREQUENCY,medium,Multiple transactions occurred within an unusually short time window.
18ffd5a1-8205-4604-a771-1f5a5f403f93,transaction,T00100585,HIGH_TRANSACTION_FREQUENCY,medium,Multiple transactions occurred within an unusually short time window.
08989722-daa5-4afa-8a30-302b524eb824,transaction,T00100586,HIGH_TRANSACTION_FREQUENCY,medium,Multiple transactions occurred within an unusually short time window.
880ac4b3-f0c5-41ea-ac3a-8ac3dfc79477,transaction,T00100587,HIGH_TRANSACTION_FREQUENCY,medium,Multiple transactions occurred within an unusually short time window.
00ffad1c-1a79-4d55-9e7b-5c9bff6fbe40,transaction,T00100588,HIGH_TRANSACTION_FREQUENCY,medium,Multiple transactions occurred within an unusually short time window.
23e6ab97-4d2f-4488-8228-294479c9c454,transaction,T00100589,HIGH_TRANSACTION_FREQUENCY,medium,Multiple transactions occurred within an unusually short time window.
24dea8c0-8937-472c-8abb-1f2ab3ba7a5f,transaction,T00100590,HIGH_TRANSACTION_FREQUENCY,medium,Multiple transactions occurred within an unusually short time window.
5f7db529-519f-4e1a-86f6-dd85016f50c3,transaction,T00100591,HIGH_TRANSACTION_FREQUENCY,medium,Multiple transactions occurred within an unusually short time window.
af3f6f11-d261-4cc1-be3c-20c28fbeff66,transaction,T00100592,HIGH_TRANSACTION_FREQUENCY,medium,Multiple transactions occurred within an unusually short time window.
f3dec7a9-8e0b-45e0-9769-a4227d9b75ee,transaction,T00100593,HIGH_TRANSACTION_FREQUENCY,medium,Multiple transactions occurred within an unusually short time window.
9e9a73b9-09fd-44c8-b1f5-d8d21cd6da05,transaction,T00100594,HIGH_TRANSACTION_FREQUENCY,medium,Multiple transactions occurred within an unusually short time window.
ee0e6063-634a-4d62-8958-9b8aea66c2cf,transaction,T00100595,HIGH_TRANSACTION_FREQUENCY,medium,Multiple transactions occurred within an unusually short time window.
e6f8088b-ca0c-497e-92cb-3ad0ce361f6a,transaction,T00100596,HIGH_TRANSACTION_FREQUENCY,medium,Multiple transactions occurred within an unusually short time window.
9ace7c31-de51-4a14-8fc0-d0ef357ed6ca,transaction,T00100597,HIGH_TRANSACTION_FREQUENCY,medium,Multiple transactions occurred within an unusually short time window.
b33b590e-749a-4d69-8116-7f2cd5672ceb,transaction,T00100598,HIGH_TRANSACTION_FREQUENCY,medium,Multiple transactions occurred within an unusually short time window.
aec4de00-414e-495c-b259-97bb2b83b07c,transaction,T00100599,HIGH_TRANSACTION_FREQUENCY,medium,Multiple transactions occurred within an unusually short time window.
66c1d815-37db-4d75-a08a-3995ac22ed25,transaction,T00100600,HIGH_TRANSACTION_FREQUENCY,medium,Multiple transactions occurred within an unusually short time window.
c8145565-897c-471e-9e21-653e34afefda,transaction,T00100601,HIGH_TRANSACTION_FREQUENCY,medium,Multiple transactions occurred within an unusually short time window.
ef339cc5-7924-420f-b7ab-39969ddbd351,transaction,T00100602,HIGH_TRANSACTION_FREQUENCY,medium,Multiple transactions occurred within an unusually short time window.
6883458e-8d16-4a9d-adc3-1a3dfbcb0aea,transaction,T00100603,HIGH_TRANSACTION_FREQUENCY,medium,Multiple transactions occurred within an unusually short time window.
f3cd713d-baba-4fde-90b3-d97320bf4c55,transaction,T00100604,HIGH_TRANSACTION_FREQUENCY,medium,Multiple transactions occurred within an unusually short time window.
7f320427-94c7-45fa-b151-b4e8823f6a3b,transaction,T00100605,HIGH_TRANSACTION_FREQUENCY,medium,Multiple transactions occurred within an unusually short time window.
80acdb74-361f-4ef2-9b64-15f388fc926d,transaction,T00100606,HIGH_TRANSACTION_FREQUENCY,medium,Multiple transactions occurred within an unusually short time window.
134a7ab9-2e02-48b8-89da-b6579c38cd45,transaction,T00100607,HIGH_TRANSACTION_FREQUENCY,medium,Multiple transactions occurred within an unusually short time window.
25cc2a6e-7ffb-49b8-9c6d-35ea572b2b3a,transaction,T00100608,HIGH_TRANSACTION_FREQUENCY,medium,Multiple transactions occurred within an unusually short time window.
266c3369-38a3-4d06-b64f-81be5653e446,transaction,T00100609,HIGH_TRANSACTION_FREQUENCY,medium,Multiple transactions occurred within an unusually short time window.
dd2b9880-a97f-437b-8d85-6c717b2e1726,transaction,T00100610,HIGH_TRANSACTION_FREQUENCY,medium,Multiple transactions occurred within an unusually short time window.
46ef0897-ba61-4063-bffb-a749951282d3,transaction,T00100611,HIGH_TRANSACTION_FREQUENCY,medium,Multiple transactions occurred within an unusually short time window.
c663ecd4-c294-40ab-a8b6-faca9c7305bf,transaction,T00100612,HIGH_TRANSACTION_FREQUENCY,medium,Multiple transactions occurred within an unusually short time window.
3986a98c-6d77-4972-a441-9bea32a6878f,transaction,T00100613,HIGH_TRANSACTION_FREQUENCY,medium,Multiple transactions occurred within an unusually short time window.
a9f404d5-97d8-4a36-b641-d22d366057f7,transaction,T00100614,HIGH_TRANSACTION_FREQUENCY,medium,Multiple transactions occurred within an unusually short time window.
0f81b38e-8798-4de2-8a37-0871c1d6f9c0,transaction,T00100615,HIGH_TRANSACTION_FREQUENCY,medium,Multiple transactions occurred within an unusually short time window.
e3277448-5c8a-49af-abc4-a4efa1403a66,transaction,T00100616,HIGH_TRANSACTION_FREQUENCY,medium,Multiple transactions occurred within an unusually short time window.
7c65f632-2f3f-429d-8275-677aa0790451,transaction,T00100617,HIGH_TRANSACTION_FREQUENCY,medium,Multiple transactions occurred within an unusually short time window.
fa730d34-11d2-4a1a-b857-e8c78f1c6b00,transaction,T00100618,HIGH_TRANSACTION_FREQUENCY,medium,Multiple transactions occurred within an unusually short time window.
770ec1bb-4410-4e5c-8ece-dd669f5cda67,transaction,T00100619,HIGH_TRANSACTION_FREQUENCY,medium,Multiple transactions occurred within an unusually short time window.
0e410990-d43f-406d-ad6f-c6d611212d2e,transaction,T00100620,HIGH_TRANSACTION_FREQUENCY,medium,Multiple transactions occurred within an unusually short time window.
dd6dca2e-1a96-49c5-af37-5c86f8ab1843,transaction,T00100621,HIGH_TRANSACTION_FREQUENCY,medium,Multiple transactions occurred within an unusually short time window.
b3a0e58f-22d9-48b9-b87b-d611b542ad6b,transaction,T00100622,HIGH_TRANSACTION_FREQUENCY,medium,Multiple transactions occurred within an unusually short time window.
89339919-6f92-43ab-a3eb-a3fd74e10580,transaction,T00100623,HIGH_TRANSACTION_FREQUENCY,medium,Multiple transactions occurred within an unusually short time window.
27207636-e128-4173-bcdb-913100e7c1e9,transaction,T00100624,HIGH_TRANSACTION_FREQUENCY,medium,Multiple transactions occurred within an unusually short time window.
0054fb52-5637-41b0-81d2-0257d0ac097f,transaction,T00100625,HIGH_TRANSACTION_FREQUENCY,medium,Multiple transactions occurred within an unusually short time window.
e34f25d4-9a88-49b1-aee7-96368df1704e,transaction,T00100626,HIGH_TRANSACTION_FREQUENCY,medium,Multiple transactions occurred within an unusually short time window.
d782a278-f1fa-4630-b80f-ebe78a9d6e89,transaction,T00100627,HIGH_TRANSACTION_FREQUENCY,medium,Multiple transactions occurred within an unusually short time window.
8836fe98-da55-4aa0-bfd4-16760968e31e,transaction,T00100628,HIGH_TRANSACTION_FREQUENCY,medium,Multiple transactions occurred within an unusually short time window.
3af74534-f696-4622-978b-db24eb0f0f81,transaction,T00100629,HIGH_TRANSACTION_FREQUENCY,medium,Multiple transactions occurred within an unusually short time window.
39df03ff-0f5c-4d12-ba22-60a45e76e9a7,transaction,T00100630,HIGH_TRANSACTION_FREQUENCY,medium,Multiple transactions occurred within an unusually short time window.
1e2d9716-a22f-4e2b-bb50-667a536ad096,transaction,T00100631,HIGH_TRANSACTION_FREQUENCY,medium,Multiple transactions occurred within an unusually short time window.
b05bdbaf-296d-47a6-aa5b-04100bf4b72f,transaction,T00100632,HIGH_TRANSACTION_FREQUENCY,medium,Multiple transactions occurred within an unusually short time window.
91321147-c4a1-4d05-b39c-a41ed372b887,transaction,T00100633,HIGH_TRANSACTION_FREQUENCY,medium,Multiple transactions occurred within an unusually short time window.
3fbc9346-fd1b-4b50-9951-bf29ba455d19,transaction,T00100634,HIGH_TRANSACTION_FREQUENCY,medium,Multiple transactions occurred within an unusually short time window.
fc78243b-275e-4f58-8a21-4b9ed3558c75,transaction,T00100635,HIGH_TRANSACTION_FREQUENCY,medium,Multiple transactions occurred within an unusually short time window.
2882091b-6f85-46f8-b57f-00e8135508c9,transaction,T00100636,HIGH_TRANSACTION_FREQUENCY,medium,Multiple transactions occurred within an unusually short time window.
8e9e9b57-5218-4711-a5fd-7ef8cfdf6413,transaction,T00100637,HIGH_TRANSACTION_FREQUENCY,medium,Multiple transactions occurred within an unusually short time window.
8342d0e3-4b05-4c1d-8406-3d88b987962e,transaction,T00100638,HIGH_TRANSACTION_FREQUENCY,medium,Multiple transactions occurred within an unusually short time window.
42f30a9a-33eb-4ba9-8975-e51f5e7db979,transaction,T00100639,HIGH_TRANSACTION_FREQUENCY,medium,Multiple transactions occurred within an unusually short time window.
5272d05c-7756-4912-b12b-c90b1b0212a0,transaction,T00100640,HIGH_TRANSACTION_FREQUENCY,medium,Multiple transactions occurred within an unusually short time window.
ff702a7a-bd1e-4510-8103-dd299ae32b1f,transaction,T00100641,HIGH_TRANSACTION_FREQUENCY,medium,Multiple transactions occurred within an unusually short time window.
9a4c414a-3717-4f24-8455-20ce86064f62,transaction,T00100642,HIGH_TRANSACTION_FREQUENCY,medium,Multiple transactions occurred within an unusually short time window.
27a4eb9a-460d-4af1-a744-be5c37ee825c,transaction,T00100643,HIGH_TRANSACTION_FREQUENCY,medium,Multiple transactions occurred within an unusually short time window.
018e5f11-105b-4b72-9152-090990cab7ce,transaction,T00100644,HIGH_TRANSACTION_FREQUENCY,medium,Multiple transactions occurred within an unusually short time window.
a879f4b8-b866-4aba-a06d-1c2fb1772a35,transaction,T00100645,HIGH_TRANSACTION_FREQUENCY,medium,Multiple transactions occurred within an unusually short time window.
9ea12adb-9207-438b-b041-df5410fa1ac2,transaction,T00100646,HIGH_TRANSACTION_FREQUENCY,medium,Multiple transactions occurred within an unusually short time window.
e4d04d4a-7f31-4394-933b-ddd5a57ec6da,transaction,T00100647,HIGH_TRANSACTION_FREQUENCY,medium,Multiple transactions occurred within an unusually short time window.
b7eb6a04-cdd7-45e3-8cf0-7985a7b7a8e9,transaction,T00100648,HIGH_TRANSACTION_FREQUENCY,medium,Multiple transactions occurred within an unusually short time window.
41641a9d-a914-4145-ab1d-6e3bf77d30ce,transaction,T00100649,HIGH_TRANSACTION_FREQUENCY,medium,Multiple transactions occurred within an unusually short time window.
9d085e87-edd9-4b93-8a6b-d71aa838f556,transaction,T00100650,HIGH_TRANSACTION_FREQUENCY,medium,Multiple transactions occurred within an unusually short time window.
40ff115d-1720-4ee0-bcd5-f56cfa948b8c,transaction,T00100651,HIGH_TRANSACTION_FREQUENCY,medium,Multiple transactions occurred within an unusually short time window.
477151c8-fc22-41e3-b384-a3d73ed2748c,transaction,T00100652,HIGH_TRANSACTION_FREQUENCY,medium,Multiple transactions occurred within an unusually short time window.
3eed03ab-b7ca-474e-b971-b12b5d6336d3,transaction,T00100653,HIGH_TRANSACTION_FREQUENCY,medium,Multiple transactions occurred within an unusually short time window.
a043fe72-e1fc-4cc5-a481-113b0221a168,transaction,T00100654,HIGH_TRANSACTION_FREQUENCY,medium,Multiple transactions occurred within an unusually short time window.
fcc9bd58-1142-4202-a59c-15a269ffe2ec,transaction,T00100655,HIGH_TRANSACTION_FREQUENCY,medium,Multiple transactions occurred within an unusually short time window.
4977f97b-91ab-4af7-87f2-d8a93d99c74f,transaction,T00100656,HIGH_TRANSACTION_FREQUENCY,medium,Multiple transactions occurred within an unusually short time window.
fee35929-7f28-4413-9667-b1cbf3cf2aaa,transaction,T00100657,HIGH_TRANSACTION_FREQUENCY,medium,Multiple transactions occurred within an unusually short time window.
14c7603c-96fb-482c-9e35-fed99d1aedf8,transaction,T00100658,HIGH_TRANSACTION_FREQUENCY,medium,Multiple transactions occurred within an unusually short time window.
0da773f1-f581-4d98-92e9-7a24fae0b831,transaction,T00100659,HIGH_TRANSACTION_FREQUENCY,medium,Multiple transactions occurred within an unusually short time window.
b6dec45e-eda7-45c0-a262-8f356d46658e,transaction,T00100660,HIGH_TRANSACTION_FREQUENCY,medium,Multiple transactions occurred within an unusually short time window.
8e7c131e-5030-47ae-aa24-76c9dbeae757,transaction,T00100661,HIGH_TRANSACTION_FREQUENCY,medium,Multiple transactions occurred within an unusually short time window.
af6126bd-2931-42ce-bd6f-a536b2362714,transaction,T00100662,HIGH_TRANSACTION_FREQUENCY,medium,Multiple transactions occurred within an unusually short time window.
e224344e-207d-4db1-ba7c-c0cd42aee244,transaction,T00100663,HIGH_TRANSACTION_FREQUENCY,medium,Multiple transactions occurred within an unusually short time window.
206d4531-725b-400d-9718-27c010633ddf,transaction,T00100664,HIGH_TRANSACTION_FREQUENCY,medium,Multiple transactions occurred within an unusually short time window.
a479018f-4581-4d20-9096-73ff751eb1a7,transaction,T00100665,HIGH_TRANSACTION_FREQUENCY,medium,Multiple transactions occurred within an unusually short time window.
ee408add-dc41-4f95-beda-863da938a41f,transaction,T00100666,HIGH_TRANSACTION_FREQUENCY,medium,Multiple transactions occurred within an unusually short time window.
c362f938-c46e-4d7b-b70a-815131367fa1,transaction,T00100667,HIGH_TRANSACTION_FREQUENCY,medium,Multiple transactions occurred within an unusually short time window.
3d38f2b7-8f4d-46ed-afeb-6e3202852d4d,transaction,T00100668,HIGH_TRANSACTION_FREQUENCY,medium,Multiple transactions occurred within an unusually short time window.
c390009a-3377-45b6-9a2d-9d0355bea69b,transaction,T00100669,HIGH_TRANSACTION_FREQUENCY,medium,Multiple transactions occurred within an unusually short time window.
71c6a45d-ca9f-4c7a-95fb-583ff16c15e7,transaction,T00100670,HIGH_TRANSACTION_FREQUENCY,medium,Multiple transactions occurred within an unusually short time window.
a473d40e-93fc-402e-a9e4-ff714e367bb7,transaction,T00100671,HIGH_TRANSACTION_FREQUENCY,medium,Multiple transactions occurred within an unusually short time window.
d065e318-0792-426a-827f-7868f12c45c5,transaction,T00100672,HIGH_TRANSACTION_FREQUENCY,medium,Multiple transactions occurred within an unusually short time window.
4d676bfb-ab78-4373-a819-47f75f9df4cd,transaction,T00100673,HIGH_TRANSACTION_FREQUENCY,medium,Multiple transactions occurred within an unusually short time window.
ea5b4cc0-5606-4fed-9167-4e6329de6d45,transaction,T00100674,HIGH_TRANSACTION_FREQUENCY,medium,Multiple transactions occurred within an unusually short time window.
e3c82fc7-6828-4d93-97d6-ef55e379094f,transaction,T00100675,HIGH_TRANSACTION_FREQUENCY,medium,Multiple transactions occurred within an unusually short time window.
c92f5503-108a-46b0-8f32-b711a3bb146e,transaction,T00100676,HIGH_TRANSACTION_FREQUENCY,medium,Multiple transactions occurred within an unusually short time window.
bb25d8be-7584-4f4a-ac7f-43f8004f9e51,transaction,T00100677,HIGH_TRANSACTION_FREQUENCY,medium,Multiple transactions occurred within an unusually short time window.
f79e24ec-4cea-4296-a79e-f04bfae7e373,transaction,T00100678,HIGH_TRANSACTION_FREQUENCY,medium,Multiple transactions occurred within an unusually short time window.
8985c49d-ac82-4a0a-bf4e-a4067183fbb9,transaction,T00100679,HIGH_TRANSACTION_FREQUENCY,medium,Multiple transactions occurred within an unusually short time window.
ccd6a9a1-57cc-4310-861b-0cbf00ff3cbd,transaction,T00100680,HIGH_TRANSACTION_FREQUENCY,medium,Multiple transactions occurred within an unusually short time window.
52a8734b-83eb-406c-bdc5-b8147d395133,transaction,T00100681,HIGH_TRANSACTION_FREQUENCY,medium,Multiple transactions occurred within an unusually short time window.
ccf11fa0-e3fe-40ad-a6dd-7600b61f1f18,transaction,T00100682,HIGH_TRANSACTION_FREQUENCY,medium,Multiple transactions occurred within an unusually short time window.
4c7652c2-63e4-445a-87e7-f7fe2861169a,transaction,T00100683,HIGH_TRANSACTION_FREQUENCY,medium,Multiple transactions occurred within an unusually short time window.
938366c2-c47b-4361-a74e-9e0cc0959c32,transaction,T00100684,HIGH_TRANSACTION_FREQUENCY,medium,Multiple transactions occurred within an unusually short time window.
6ddaaf6e-b4e0-416b-9697-ff8383db2ce1,transaction,T00100685,HIGH_TRANSACTION_FREQUENCY,medium,Multiple transactions occurred within an unusually short time window.
15010694-ee3c-49d8-945a-b9debf33e8f8,transaction,T00100686,HIGH_TRANSACTION_FREQUENCY,medium,Multiple transactions occurred within an unusually short time window.
d1cd2b9c-b2c2-489d-a441-80b126d6b8a1,transaction,T00100687,HIGH_TRANSACTION_FREQUENCY,medium,Multiple transactions occurred within an unusually short time window.
ee2e0426-8103-441e-8c77-63f0f05d0b77,transaction,T00100688,HIGH_TRANSACTION_FREQUENCY,medium,Multiple transactions occurred within an unusually short time window.
ab133e16-2516-4087-a4d3-7637764acced,transaction,T00100689,HIGH_TRANSACTION_FREQUENCY,medium,Multiple transactions occurred within an unusually short time window.
2a75cd18-7f3d-486b-993a-5c9fbb1a35ec,transaction,T00100690,HIGH_TRANSACTION_FREQUENCY,medium,Multiple transactions occurred within an unusually short time window.
bd135016-5d1c-492e-ad11-746744ddb5e9,transaction,T00100691,HIGH_TRANSACTION_FREQUENCY,medium,Multiple transactions occurred within an unusually short time window.
96ead548-7b97-4520-afa2-3085ffbff01f,transaction,T00100692,HIGH_TRANSACTION_FREQUENCY,medium,Multiple transactions occurred within an unusually short time window.
ed7a555f-bae7-4701-b0e3-6a4a05c7a417,transaction,T00100693,HIGH_TRANSACTION_FREQUENCY,medium,Multiple transactions occurred within an unusually short time window.
0c4f9b60-fd63-426c-86e5-5b900b8b6443,transaction,T00100694,HIGH_TRANSACTION_FREQUENCY,medium,Multiple transactions occurred within an unusually short time window.
39ef8d04-c53f-4dd9-87fb-08608e6d4ddd,transaction,T00100695,HIGH_TRANSACTION_FREQUENCY,medium,Multiple transactions occurred within an unusually short time window.
ea84635a-1a96-4704-96a0-8417f8efe547,transaction,T00100696,HIGH_TRANSACTION_FREQUENCY,medium,Multiple transactions occurred within an unusually short time window.
1372747b-42d8-47e0-8cc3-0a162a0ce391,transaction,T00100697,HIGH_TRANSACTION_FREQUENCY,medium,Multiple transactions occurred within an unusually short time window.
507f0253-8e2a-4b30-82b1-6964a67e3eee,transaction,T00100698,HIGH_TRANSACTION_FREQUENCY,medium,Multiple transactions occurred within an unusually short time window.
c15c96f8-da78-4c6d-8bd5-c3d6005f0573,transaction,T00100699,HIGH_TRANSACTION_FREQUENCY,medium,Multiple transactions occurred within an unusually short time window.
5a1ead2c-8773-44cb-b496-2393036879b9,transaction,T00100700,HIGH_TRANSACTION_FREQUENCY,medium,Multiple transactions occurred within an unusually short time window.
a72d5144-fc35-4734-bbcc-07e2c4ad3eac,transaction,T00100701,HIGH_TRANSACTION_FREQUENCY,medium,Multiple transactions occurred within an unusually short time window.
828a08c7-d8e4-4a6a-ab88-97bd61026f84,transaction,T00100702,HIGH_TRANSACTION_FREQUENCY,medium,Multiple transactions occurred within an unusually short time window.
af1eccb9-1b23-4cda-be4b-95f0105e9fc0,transaction,T00100703,HIGH_TRANSACTION_FREQUENCY,medium,Multiple transactions occurred within an unusually short time window.
b036f952-63a9-4fe7-af07-48d0895e48c0,transaction,T00100704,HIGH_TRANSACTION_FREQUENCY,medium,Multiple transactions occurred within an unusually short time window.
be50206f-e6c9-4287-b222-9f4072f831f1,transaction,T00100705,HIGH_TRANSACTION_FREQUENCY,medium,Multiple transactions occurred within an unusually short time window.
0ef60418-42f7-4b33-8970-609c38e0d43e,transaction,T00100706,HIGH_TRANSACTION_FREQUENCY,medium,Multiple transactions occurred within an unusually short time window.
a8551f03-260d-44b4-948a-51a1b1e08e0b,transaction,T00100707,HIGH_TRANSACTION_FREQUENCY,medium,Multiple transactions occurred within an unusually short time window.
be059921-c4cc-4b6a-8af1-5a0119aed24f,transaction,T00100708,HIGH_TRANSACTION_FREQUENCY,medium,Multiple transactions occurred within an unusually short time window.
c01efe67-54fb-4b26-bb5b-2a7493be1be1,transaction,T00100709,HIGH_TRANSACTION_FREQUENCY,medium,Multiple transactions occurred within an unusually short time window.
942bc15f-525e-4535-bd09-9da2ea305190,transaction,T00100710,HIGH_TRANSACTION_FREQUENCY,medium,Multiple transactions occurred within an unusually short time window.
d37077ba-c545-4aac-a3d0-417cf743269c,transaction,T00100711,HIGH_TRANSACTION_FREQUENCY,medium,Multiple transactions occurred within an unusually short time window.
766c5bac-928d-4f5b-b99a-4150aedc6f8c,transaction,T00100712,HIGH_TRANSACTION_FREQUENCY,medium,Multiple transactions occurred within an unusually short time window.
456e58ec-466b-4aa1-929f-ba65b0efdf14,transaction,T00100713,HIGH_TRANSACTION_FREQUENCY,medium,Multiple transactions occurred within an unusually short time window.
dd3ee7e1-669c-4acb-9053-a3df803efe1b,transaction,T00100714,HIGH_TRANSACTION_FREQUENCY,medium,Multiple transactions occurred within an unusually short time window.
b55c540f-cf7e-4df5-bec3-54d27acfcc18,transaction,T00100715,HIGH_TRANSACTION_FREQUENCY,medium,Multiple transactions occurred within an unusually short time window.
bbe3b727-0079-4315-b01a-ed6d69a02a9e,transaction,T00100716,HIGH_TRANSACTION_FREQUENCY,medium,Multiple transactions occurred within an unusually short time window.
20cd0c49-c167-4953-88f7-80fc866f4091,transaction,T00100717,HIGH_TRANSACTION_FREQUENCY,medium,Multiple transactions occurred within an unusually short time window.
85d1ff2a-ea07-4a68-95a2-13a37f94fed9,transaction,T00100718,HIGH_TRANSACTION_FREQUENCY,medium,Multiple transactions occurred within an unusually short time window.
ee87f781-07f1-4ff9-9e28-4cd32dcf704f,transaction,T00100719,HIGH_TRANSACTION_FREQUENCY,medium,Multiple transactions occurred within an unusually short time window.
4d351cb7-b6d2-4b71-892b-21b8be6a1eb4,transaction,T00100720,HIGH_TRANSACTION_FREQUENCY,medium,Multiple transactions occurred within an unusually short time window.
b5e61c07-ab17-44cd-b07d-5de105e7451a,transaction,T00100721,HIGH_TRANSACTION_FREQUENCY,medium,Multiple transactions occurred within an unusually short time window.
54c350c5-5dc6-46c4-849b-c75f21ededad,transaction,T00100722,HIGH_TRANSACTION_FREQUENCY,medium,Multiple transactions occurred within an unusually short time window.
c2520e35-27bc-4f65-ad97-2b050ce87eec,transaction,T00100723,HIGH_TRANSACTION_FREQUENCY,medium,Multiple transactions occurred within an unusually short time window.
f8c389bb-51ef-4ac8-abfa-e807f41e8a72,transaction,T00100724,HIGH_TRANSACTION_FREQUENCY,medium,Multiple transactions occurred within an unusually short time window.
04f05ca5-3cbc-4639-8996-323ff9dbc524,transaction,T00100725,HIGH_TRANSACTION_FREQUENCY,medium,Multiple transactions occurred within an unusually short time window.
c858eaf4-c530-45ac-a283-2205d29639d3,transaction,T00100726,HIGH_TRANSACTION_FREQUENCY,medium,Multiple transactions occurred within an unusually short time window.
7950e8f4-4bd6-4745-bf69-420e88314590,transaction,T00100727,HIGH_TRANSACTION_FREQUENCY,medium,Multiple transactions occurred within an unusually short time window.
5a7b66fd-ed7a-4328-a680-619b68ba2a8e,transaction,T00100728,HIGH_TRANSACTION_FREQUENCY,medium,Multiple transactions occurred within an unusually short time window.
f02b5a4d-b671-4ebd-a261-275b405ac308,transaction,T00100729,HIGH_TRANSACTION_FREQUENCY,medium,Multiple transactions occurred within an unusually short time window.
3aeaa6ba-257d-4618-84b2-0f55fc11def1,transaction,T00100730,HIGH_TRANSACTION_FREQUENCY,medium,Multiple transactions occurred within an unusually short time window.
42566df7-1562-4b59-b8c4-5aae4ac8659a,transaction,T00100731,HIGH_TRANSACTION_FREQUENCY,medium,Multiple transactions occurred within an unusually short time window.
9f8e957d-2f53-4088-8631-22aa8ac08088,transaction,T00100732,HIGH_TRANSACTION_FREQUENCY,medium,Multiple transactions occurred within an unusually short time window.
15f1a7e0-3f0f-4625-9c45-0864c0466669,transaction,T00100733,HIGH_TRANSACTION_FREQUENCY,medium,Multiple transactions occurred within an unusually short time window.
7fe69494-886d-4efc-8f16-c71176e4049a,transaction,T00100734,HIGH_TRANSACTION_FREQUENCY,medium,Multiple transactions occurred within an unusually short time window.
958fb294-1568-4e1d-9a28-307b6fd25ffa,transaction,T00100735,HIGH_TRANSACTION_FREQUENCY,medium,Multiple transactions occurred within an unusually short time window.
cb7b3e2e-3cdc-470f-8f38-418db83c1fae,transaction,T00100736,HIGH_TRANSACTION_FREQUENCY,medium,Multiple transactions occurred within an unusually short time window.
4bb09f5f-13f5-4fea-bf78-d48b89a6f282,transaction,T00100737,HIGH_TRANSACTION_FREQUENCY,medium,Multiple transactions occurred within an unusually short time window.
7a403475-6711-40a4-b57c-612c65ddb394,transaction,T00100738,HIGH_TRANSACTION_FREQUENCY,medium,Multiple transactions occurred within an unusually short time window.
c4debfdd-afbc-435f-a20b-6a04bf8e1d52,transaction,T00100739,HIGH_TRANSACTION_FREQUENCY,medium,Multiple transactions occurred within an unusually short time window.
9b016740-21c7-4a3c-b237-9995cc27a0e5,transaction,T00100740,HIGH_TRANSACTION_FREQUENCY,medium,Multiple transactions occurred within an unusually short time window.
ade1d817-3973-415f-96a6-ff74976d0f0f,transaction,T00100741,HIGH_TRANSACTION_FREQUENCY,medium,Multiple transactions occurred within an unusually short time window.
b3cb9f26-15fb-493a-bf26-355f7d3642ca,transaction,T00100742,HIGH_TRANSACTION_FREQUENCY,medium,Multiple transactions occurred within an unusually short time window.
99446ded-955d-4cde-aeae-0072f29cfaaf,transaction,T00100743,HIGH_TRANSACTION_FREQUENCY,medium,Multiple transactions occurred within an unusually short time window.
7686ec58-0ee8-4b8e-9d37-c8cb79f46e99,transaction,T00100744,HIGH_TRANSACTION_FREQUENCY,medium,Multiple transactions occurred within an unusually short time window.
0c137c8e-6268-473a-b9d4-03fc8a8997ce,transaction,T00100745,HIGH_TRANSACTION_FREQUENCY,medium,Multiple transactions occurred within an unusually short time window.
1537f915-7f33-42be-b18d-a333ca3261f8,transaction,T00100746,HIGH_TRANSACTION_FREQUENCY,medium,Multiple transactions occurred within an unusually short time window.
dd105ab5-5e53-4edd-a2c2-62d51ae73e5f,transaction,T00100747,HIGH_TRANSACTION_FREQUENCY,medium,Multiple transactions occurred within an unusually short time window.
7f51c414-4232-4255-b1d6-ead3ffb73e9b,transaction,T00100748,HIGH_TRANSACTION_FREQUENCY,medium,Multiple transactions occurred within an unusually short time window.
b252736d-3b44-4399-b5b1-089b92baefab,transaction,T00100749,HIGH_TRANSACTION_FREQUENCY,medium,Multiple transactions occurred within an unusually short time window.
2a2b81a0-2932-45bb-a654-43f02abcd794,transaction,T00100750,HIGH_TRANSACTION_FREQUENCY,medium,Multiple transactions occurred within an unusually short time window.
fd6c89cb-c0b3-4bdd-b03c-5226552ebb2d,transaction,T00100751,HIGH_TRANSACTION_FREQUENCY,medium,Multiple transactions occurred within an unusually short time window.
e8be28fd-dda0-4bb7-993d-c966f3f8e218,transaction,T00100752,HIGH_TRANSACTION_FREQUENCY,medium,Multiple transactions occurred within an unusually short time window.
7702a4ce-c1d2-4e91-afe3-f77f706d6e14,transaction,T00100753,HIGH_TRANSACTION_FREQUENCY,medium,Multiple transactions occurred within an unusually short time window.
a7aa1f78-272d-4f0e-aa5f-0d5490659b7f,transaction,T00100754,HIGH_TRANSACTION_FREQUENCY,medium,Multiple transactions occurred within an unusually short time window.
92905c68-ea85-46f5-8f6d-1cc5d775b380,transaction,T00100755,HIGH_TRANSACTION_FREQUENCY,medium,Multiple transactions occurred within an unusually short time window.
0c6e8ee0-127d-4141-9671-416e3a2d7338,transaction,T00100756,HIGH_TRANSACTION_FREQUENCY,medium,Multiple transactions occurred within an unusually short time window.
53243618-e878-4792-9069-f858ed0d0417,transaction,T00100757,HIGH_TRANSACTION_FREQUENCY,medium,Multiple transactions occurred within an unusually short time window.
52bc92b5-1b71-4210-9299-a1a1a5a75db6,transaction,T00100758,HIGH_TRANSACTION_FREQUENCY,medium,Multiple transactions occurred within an unusually short time window.
82aae089-37b1-41bf-a1a3-5d103afaa686,transaction,T00100759,HIGH_TRANSACTION_FREQUENCY,medium,Multiple transactions occurred within an unusually short time window.
2619f74a-af73-445d-90f9-cce9649c0673,transaction,T00100760,HIGH_TRANSACTION_FREQUENCY,medium,Multiple transactions occurred within an unusually short time window.
634577b8-e071-4529-9add-15b3f51daf08,transaction,T00100761,HIGH_TRANSACTION_FREQUENCY,medium,Multiple transactions occurred within an unusually short time window.
6ee039e0-79a8-4ac7-ad33-4af2dab1bacd,transaction,T00100762,HIGH_TRANSACTION_FREQUENCY,medium,Multiple transactions occurred within an unusually short time window.
6eac9396-f257-4f7a-93cc-1d353f0396bb,transaction,T00100763,HIGH_TRANSACTION_FREQUENCY,medium,Multiple transactions occurred within an unusually short time window.
fe842fe2-c961-4fe5-9a0e-138e4540ab4c,transaction,T00100764,HIGH_TRANSACTION_FREQUENCY,medium,Multiple transactions occurred within an unusually short time window.
a9d70580-9054-48b0-94f7-ce49317525c0,transaction,T00100765,HIGH_TRANSACTION_FREQUENCY,medium,Multiple transactions occurred within an unusually short time window.
5ba04d41-46dd-4141-8f9c-939b0777a133,transaction,T00100766,HIGH_TRANSACTION_FREQUENCY,medium,Multiple transactions occurred within an unusually short time window.
30cc6a55-4b3f-4ac5-88ce-17d123ca0634,transaction,T00100767,HIGH_TRANSACTION_FREQUENCY,medium,Multiple transactions occurred within an unusually short time window.
9d7f19c4-d655-4480-ab6e-e51bfbac616a,transaction,T00100768,HIGH_TRANSACTION_FREQUENCY,medium,Multiple transactions occurred within an unusually short time window.
eb090b16-990e-4c53-b647-3780ab66c575,transaction,T00100769,HIGH_TRANSACTION_FREQUENCY,medium,Multiple transactions occurred within an unusually short time window.
2e76cc4c-f8a2-4310-aef5-12b463c7638f,transaction,T00100770,HIGH_TRANSACTION_FREQUENCY,medium,Multiple transactions occurred within an unusually short time window.
eeddfce1-444b-4aeb-a27d-5fca613f29da,transaction,T00100771,HIGH_TRANSACTION_FREQUENCY,medium,Multiple transactions occurred within an unusually short time window.
0c776ac7-367b-4cd6-b480-93ee1b4a33be,transaction,T00100772,HIGH_TRANSACTION_FREQUENCY,medium,Multiple transactions occurred within an unusually short time window.
9b11fc6e-aad9-4a65-a92e-befae5e7a6f1,transaction,T00100773,HIGH_TRANSACTION_FREQUENCY,medium,Multiple transactions occurred within an unusually short time window.
db4a98e4-1d1c-4d2f-8359-414d8b874f45,transaction,T00100774,HIGH_TRANSACTION_FREQUENCY,medium,Multiple transactions occurred within an unusually short time window.
0647157c-1b50-4389-a7fa-7d6b4edfe5f0,transaction,T00100775,HIGH_TRANSACTION_FREQUENCY,medium,Multiple transactions occurred within an unusually short time window.
efd6152d-4741-4a34-8bf1-cca750f38686,transaction,T00100776,HIGH_TRANSACTION_FREQUENCY,medium,Multiple transactions occurred within an unusually short time window.
af3042de-da72-49b2-9b15-d1370b5093fc,transaction,T00100777,HIGH_TRANSACTION_FREQUENCY,medium,Multiple transactions occurred within an unusually short time window.
0247d372-2694-40b8-8397-930c66e36f0b,transaction,T00100778,HIGH_TRANSACTION_FREQUENCY,medium,Multiple transactions occurred within an unusually short time window.
3b3f2f61-417e-44f4-bc69-423dfc117a5f,transaction,T00100779,HIGH_TRANSACTION_FREQUENCY,medium,Multiple transactions occurred within an unusually short time window.
4514a85e-b331-4275-b195-3b058f08711a,transaction,T00100780,HIGH_TRANSACTION_FREQUENCY,medium,Multiple transactions occurred within an unusually short time window.
0963b772-db2a-4b02-b3f8-d231b322da1b,transaction,T00100781,HIGH_TRANSACTION_FREQUENCY,medium,Multiple transactions occurred within an unusually short time window.
28b8d61b-a188-4697-83d9-1841da69178c,transaction,T00100782,HIGH_TRANSACTION_FREQUENCY,medium,Multiple transactions occurred within an unusually short time window.
acfc7ca2-da9c-481f-80e9-a349d93504fb,transaction,T00100783,HIGH_TRANSACTION_FREQUENCY,medium,Multiple transactions occurred within an unusually short time window.
777df5da-435b-494e-8023-2b7e09192f97,transaction,T00100784,HIGH_TRANSACTION_FREQUENCY,medium,Multiple transactions occurred within an unusually short time window.
3e511277-db65-4e48-8154-217a4af79fb0,transaction,T00100785,HIGH_TRANSACTION_FREQUENCY,medium,Multiple transactions occurred within an unusually short time window.
9b239f7a-2e81-40e3-8b77-e9a660d915ee,transaction,T00100786,HIGH_TRANSACTION_FREQUENCY,medium,Multiple transactions occurred within an unusually short time window.
cf989538-fac0-4d10-bebd-7158dd0acb33,transaction,T00100787,HIGH_TRANSACTION_FREQUENCY,medium,Multiple transactions occurred within an unusually short time window.
0a14204b-1f07-4a4e-96bd-596a0c04187f,transaction,T00100788,HIGH_TRANSACTION_FREQUENCY,medium,Multiple transactions occurred within an unusually short time window.
3f2fa902-f8b2-4824-8208-6f044c171f0c,transaction,T00100789,HIGH_TRANSACTION_FREQUENCY,medium,Multiple transactions occurred within an unusually short time window.
a5d415d2-dfb4-4424-b263-d82d76e96476,transaction,T00100790,HIGH_TRANSACTION_FREQUENCY,medium,Multiple transactions occurred within an unusually short time window.
f6933ab8-a98d-49bf-8157-489e6304e70b,transaction,T00100791,HIGH_TRANSACTION_FREQUENCY,medium,Multiple transactions occurred within an unusually short time window.
f8f02c6c-f36e-4150-aaf2-31d53c280b48,transaction,T00100792,HIGH_TRANSACTION_FREQUENCY,medium,Multiple transactions occurred within an unusually short time window.
91842d38-c6fe-4c54-8da1-0535ec3a128d,transaction,T00100793,HIGH_TRANSACTION_FREQUENCY,medium,Multiple transactions occurred within an unusually short time window.
880ff47e-d83a-4af2-ad4c-42e42cfa5855,transaction,T00100794,HIGH_TRANSACTION_FREQUENCY,medium,Multiple transactions occurred within an unusually short time window.
aea9331a-9757-47b5-ad44-9f2bdc7e5d71,transaction,T00100795,HIGH_TRANSACTION_FREQUENCY,medium,Multiple transactions occurred within an unusually short time window.
97df61e8-3915-40fa-b717-cd839451b5b2,transaction,T00100796,HIGH_TRANSACTION_FREQUENCY,medium,Multiple transactions occurred within an unusually short time window.
b77df8a8-c8fe-492d-a737-5eb62e83995e,transaction,T00100797,HIGH_TRANSACTION_FREQUENCY,medium,Multiple transactions occurred within an unusually short time window.
fde5d7a0-27b5-46cc-b4d4-2cb78503a2e3,transaction,T00100798,HIGH_TRANSACTION_FREQUENCY,medium,Multiple transactions occurred within an unusually short time window.
ad994dff-ebc5-45d2-9105-b75d8540aa8b,transaction,T00100799,HIGH_TRANSACTION_FREQUENCY,medium,Multiple transactions occurred within an unusually short time window.
7f9f807b-2191-43af-8321-e203ad1aad22,transaction,T00100800,HIGH_TRANSACTION_FREQUENCY,medium,Multiple transactions occurred within an unusually short time window.
2e53e298-935c-4fe0-be7f-2cbeb6d03754,transaction,T00100801,HIGH_TRANSACTION_FREQUENCY,medium,Multiple transactions occurred within an unusually short time window.
51ab2f26-c896-4a81-9d43-694d3e0964d6,transaction,T00100802,HIGH_TRANSACTION_FREQUENCY,medium,Multiple transactions occurred within an unusually short time window.
b7f0d384-e39b-41a9-ac1b-36e6e3976561,transaction,T00100803,HIGH_TRANSACTION_FREQUENCY,medium,Multiple transactions occurred within an unusually short time window.
9e327601-89cf-4e41-b258-2a6e75e0a573,transaction,T00100804,HIGH_TRANSACTION_FREQUENCY,medium,Multiple transactions occurred within an unusually short time window.
7ec13189-e6a4-4720-82e6-e04e2a0da817,transaction,T00100805,HIGH_TRANSACTION_FREQUENCY,medium,Multiple transactions occurred within an unusually short time window.
7fdf83e1-6d54-4839-9586-f4aa72cc7874,transaction,T00100806,HIGH_TRANSACTION_FREQUENCY,medium,Multiple transactions occurred within an unusually short time window.
5ce0487a-77d9-4f80-908f-9a17924c81cc,transaction,T00100807,HIGH_TRANSACTION_FREQUENCY,medium,Multiple transactions occurred within an unusually short time window.
9762aa09-941d-4dfd-9689-d9f2597aa461,transaction,T00100808,HIGH_TRANSACTION_FREQUENCY,medium,Multiple transactions occurred within an unusually short time window.
5132048f-4d9d-491c-8043-dd381cabcd8c,transaction,T00100809,HIGH_TRANSACTION_FREQUENCY,medium,Multiple transactions occurred within an unusually short time window.
239badc1-31ad-4ee2-9220-1c68f432f39d,transaction,T00100810,HIGH_TRANSACTION_FREQUENCY,medium,Multiple transactions occurred within an unusually short time window.
c7325b52-e8b5-4594-9788-60480ac679e7,transaction,T00100811,HIGH_TRANSACTION_FREQUENCY,medium,Multiple transactions occurred within an unusually short time window.
7f8c7b93-ddfc-491c-a56f-250f69a5cc28,transaction,T00100812,HIGH_TRANSACTION_FREQUENCY,medium,Multiple transactions occurred within an unusually short time window.
d3cb074d-f755-4b1f-832c-023fc3ad90c6,transaction,T00100813,HIGH_TRANSACTION_FREQUENCY,medium,Multiple transactions occurred within an unusually short time window.
93163ef0-2da7-4f8e-b7ab-ce52449b64ce,transaction,T00100814,HIGH_TRANSACTION_FREQUENCY,medium,Multiple transactions occurred within an unusually short time window.
bdff51b8-dfdb-44ea-9dd2-e28972aef396,transaction,T00100815,HIGH_TRANSACTION_FREQUENCY,medium,Multiple transactions occurred within an unusually short time window.
9bab5820-7b21-4c3b-a4e0-61b63f044f8e,transaction,T00100816,HIGH_TRANSACTION_FREQUENCY,medium,Multiple transactions occurred within an unusually short time window.
1664ac2a-7bac-4e66-84cc-12ad51ff8792,transaction,T00100817,HIGH_TRANSACTION_FREQUENCY,medium,Multiple transactions occurred within an unusually short time window.
db0fc857-0a00-4bcb-94ca-a1dbebbad45f,transaction,T00100818,HIGH_TRANSACTION_FREQUENCY,medium,Multiple transactions occurred within an unusually short time window.
159cd597-8533-488d-ac35-1e8394fbcc71,transaction,T00100819,HIGH_TRANSACTION_FREQUENCY,medium,Multiple transactions occurred within an unusually short time window.
32213038-e69f-4cb1-9dee-e02fc1255132,transaction,T00100820,HIGH_TRANSACTION_FREQUENCY,medium,Multiple transactions occurred within an unusually short time window.
c3fbbf4c-613f-42e6-9b77-83c4f32248e3,transaction,T00100821,HIGH_TRANSACTION_FREQUENCY,medium,Multiple transactions occurred within an unusually short time window.
d0e8ff0c-d878-4bb1-9392-143c93f842aa,transaction,T00100822,HIGH_TRANSACTION_FREQUENCY,medium,Multiple transactions occurred within an unusually short time window.
12287d48-b775-4a42-8468-2fce0b68c6f6,transaction,T00100823,HIGH_TRANSACTION_FREQUENCY,medium,Multiple transactions occurred within an unusually short time window.
4c5463c2-a915-4388-bd38-7cd1b4e27b4e,transaction,T00100824,HIGH_TRANSACTION_FREQUENCY,medium,Multiple transactions occurred within an unusually short time window.
56fdc9c3-0e55-43f8-974b-88c0867bf177,transaction,T00100825,HIGH_TRANSACTION_FREQUENCY,medium,Multiple transactions occurred within an unusually short time window.
a69dbdcf-f56b-4148-b876-2f635245e74c,transaction,T00100826,HIGH_TRANSACTION_FREQUENCY,medium,Multiple transactions occurred within an unusually short time window.
b62734e2-51ee-4e47-b5d6-707763abce05,transaction,T00100827,HIGH_TRANSACTION_FREQUENCY,medium,Multiple transactions occurred within an unusually short time window.
acc9fd8a-7ae4-4f16-bace-4e93b80a4c45,transaction,T00100828,HIGH_TRANSACTION_FREQUENCY,medium,Multiple transactions occurred within an unusually short time window.
d7f512e4-bfef-4b4e-99ed-fe9e82b5b1df,transaction,T00100829,HIGH_TRANSACTION_FREQUENCY,medium,Multiple transactions occurred within an unusually short time window.
8782c6d1-0342-442a-9da9-3cc575318200,transaction,T00100830,HIGH_TRANSACTION_FREQUENCY,medium,Multiple transactions occurred within an unusually short time window.
34d93a07-abe5-48e5-8527-6926c79e3df1,transaction,T00100831,HIGH_TRANSACTION_FREQUENCY,medium,Multiple transactions occurred within an unusually short time window.
8519454c-54ab-4e3c-b220-f369bfb5de76,transaction,T00100832,HIGH_TRANSACTION_FREQUENCY,medium,Multiple transactions occurred within an unusually short time window.
e835827a-ee26-4a9d-b6a0-b8ff8f65b7c4,transaction,T00100833,HIGH_TRANSACTION_FREQUENCY,medium,Multiple transactions occurred within an unusually short time window.
86e10cc4-1ee7-4436-9d7f-93b3ce1fae08,transaction,T00100834,HIGH_TRANSACTION_FREQUENCY,medium,Multiple transactions occurred within an unusually short time window.
3c5eeb08-e83e-45c0-a670-869e3995122f,transaction,T00100835,HIGH_TRANSACTION_FREQUENCY,medium,Multiple transactions occurred within an unusually short time window.
e4587766-6c48-472b-8fec-310d81b8b59e,transaction,T00100836,HIGH_TRANSACTION_FREQUENCY,medium,Multiple transactions occurred within an unusually short time window.
edc83fc2-df3c-4477-a876-d392467299ce,transaction,T00100837,HIGH_TRANSACTION_FREQUENCY,medium,Multiple transactions occurred within an unusually short time window.
cbc048b6-3a39-4dc4-8c29-a3099beeac28,transaction,T00100838,HIGH_TRANSACTION_FREQUENCY,medium,Multiple transactions occurred within an unusually short time window.
8889d607-9ce5-40b1-9a8e-0fdf8682c711,transaction,T00100839,HIGH_TRANSACTION_FREQUENCY,medium,Multiple transactions occurred within an unusually short time window.
a0a56ce3-d6cc-453a-aff1-37026880908e,transaction,T00100840,HIGH_TRANSACTION_FREQUENCY,medium,Multiple transactions occurred within an unusually short time window.
babe7bbe-69e4-4acb-a694-5b9a99a54663,transaction,T00100841,HIGH_TRANSACTION_FREQUENCY,medium,Multiple transactions occurred within an unusually short time window.
bc1ca74e-a0a5-4160-840b-b2b1e3b18a85,transaction,T00100842,HIGH_TRANSACTION_FREQUENCY,medium,Multiple transactions occurred within an unusually short time window.
9d42c7cf-3c82-437a-9abe-543be4dd8889,transaction,T00100843,HIGH_TRANSACTION_FREQUENCY,medium,Multiple transactions occurred within an unusually short time window.
57b96b0c-87c8-45d1-8f13-fcb3b9f16315,transaction,T00100844,HIGH_TRANSACTION_FREQUENCY,medium,Multiple transactions occurred within an unusually short time window.
308fbb7f-0bc2-4df7-b4d2-4ef62454229b,transaction,T00100845,HIGH_TRANSACTION_FREQUENCY,medium,Multiple transactions occurred within an unusually short time window.
2415e32c-340c-40d2-8c15-0076b6bedf90,transaction,T00100846,HIGH_TRANSACTION_FREQUENCY,medium,Multiple transactions occurred within an unusually short time window.
7276910f-f30f-474b-9fad-a3a0109e9797,transaction,T00100847,HIGH_TRANSACTION_FREQUENCY,medium,Multiple transactions occurred within an unusually short time window.
9b179e50-f0ea-40b8-abf5-68a104f19211,transaction,T00100848,HIGH_TRANSACTION_FREQUENCY,medium,Multiple transactions occurred within an unusually short time window.
b3b28bc9-5f3d-4f1f-9464-55a803077712,transaction,T00100849,HIGH_TRANSACTION_FREQUENCY,medium,Multiple transactions occurred within an unusually short time window.
0e0fb1aa-c894-411f-a21c-25815800306d,transaction,T00100850,HIGH_TRANSACTION_FREQUENCY,medium,Multiple transactions occurred within an unusually short time window.
bece9843-dc06-4376-8b55-de4121029528,transaction,T00100851,HIGH_TRANSACTION_FREQUENCY,medium,Multiple transactions occurred within an unusually short time window.
6605c65e-57a5-4ca0-a7ab-876d1d1755fe,transaction,T00100852,HIGH_TRANSACTION_FREQUENCY,medium,Multiple transactions occurred within an unusually short time window.
955763b9-093f-48b7-9eb2-c46b5559c466,transaction,T00100853,HIGH_TRANSACTION_FREQUENCY,medium,Multiple transactions occurred within an unusually short time window.
48cde151-44c6-4918-83c3-f202c0a8db09,transaction,T00100854,HIGH_TRANSACTION_FREQUENCY,medium,Multiple transactions occurred within an unusually short time window.
3ff1aa9d-2e39-4b66-b9b2-8d809f2074f3,transaction,T00100855,HIGH_TRANSACTION_FREQUENCY,medium,Multiple transactions occurred within an unusually short time window.
86be8dc8-a82e-4f87-ba5b-e0b31e7a59c4,transaction,T00100856,HIGH_TRANSACTION_FREQUENCY,medium,Multiple transactions occurred within an unusually short time window.
aff338b3-04ec-4a12-81bc-932887207a8d,transaction,T00100857,HIGH_TRANSACTION_FREQUENCY,medium,Multiple transactions occurred within an unusually short time window.
c72f3b7a-4079-4e61-a80a-b78b95c2366b,transaction,T00100858,HIGH_TRANSACTION_FREQUENCY,medium,Multiple transactions occurred within an unusually short time window.
b98366b1-8308-4480-884a-369c6d272710,transaction,T00100859,HIGH_TRANSACTION_FREQUENCY,medium,Multiple transactions occurred within an unusually short time window.
59d762ef-98d8-4917-96ec-be12339a24a2,transaction,T00100860,HIGH_TRANSACTION_FREQUENCY,medium,Multiple transactions occurred within an unusually short time window.
3ce8a490-7e28-4bd9-8711-7140c3203d87,transaction,T00100861,HIGH_TRANSACTION_FREQUENCY,medium,Multiple transactions occurred within an unusually short time window.
09831d78-4094-4645-8a36-ec834aea0fbc,transaction,T00100862,HIGH_TRANSACTION_FREQUENCY,medium,Multiple transactions occurred within an unusually short time window.
b44cf3ba-e821-4555-ac12-c38d1f4bde58,transaction,T00100863,HIGH_TRANSACTION_FREQUENCY,medium,Multiple transactions occurred within an unusually short time window.
af5fdd0e-731c-4253-bd6a-571bfad712ae,transaction,T00100864,HIGH_TRANSACTION_FREQUENCY,medium,Multiple transactions occurred within an unusually short time window.
dd786b4e-5f46-4e96-b597-2c4b270f75d4,transaction,T00100865,HIGH_TRANSACTION_FREQUENCY,medium,Multiple transactions occurred within an unusually short time window.
dfcdaade-f937-44a0-b490-96a50d986511,transaction,T00100866,HIGH_TRANSACTION_FREQUENCY,medium,Multiple transactions occurred within an unusually short time window.
2b2fd3cb-a766-48dc-880d-315c8e4c42b4,transaction,T00100867,HIGH_TRANSACTION_FREQUENCY,medium,Multiple transactions occurred within an unusually short time window.
221b617a-28f1-4562-a96c-a633f3a6430e,transaction,T00100868,HIGH_TRANSACTION_FREQUENCY,medium,Multiple transactions occurred within an unusually short time window.
8c83f87a-d2b4-4f95-a7a8-1f29039f3fd6,transaction,T00100869,HIGH_TRANSACTION_FREQUENCY,medium,Multiple transactions occurred within an unusually short time window.
b0465e4f-a47f-415b-be0a-a07f687a7c95,transaction,T00100870,HIGH_TRANSACTION_FREQUENCY,medium,Multiple transactions occurred within an unusually short time window.
08cfad83-8356-4829-af8f-5c51f60905c4,transaction,T00100871,HIGH_TRANSACTION_FREQUENCY,medium,Multiple transactions occurred within an unusually short time window.
ce3b0f24-2fc0-45ac-90ea-7ac03d71fb85,transaction,T00100872,HIGH_TRANSACTION_FREQUENCY,medium,Multiple transactions occurred within an unusually short time window.
4de04e20-3c46-47fa-8181-314838d1a6fc,transaction,T00100873,HIGH_TRANSACTION_FREQUENCY,medium,Multiple transactions occurred within an unusually short time window.
96e99aed-0776-4e78-9561-e2bd83138576,transaction,T00100874,HIGH_TRANSACTION_FREQUENCY,medium,Multiple transactions occurred within an unusually short time window.
4205af5f-62ba-429f-bb78-431b9df76408,transaction,T00100875,HIGH_TRANSACTION_FREQUENCY,medium,Multiple transactions occurred within an unusually short time window.
ec82e9db-abf3-40e3-8325-58587a0bb55e,transaction,T00100876,HIGH_TRANSACTION_FREQUENCY,medium,Multiple transactions occurred within an unusually short time window.
d1fe217f-30d0-4ab1-b6bc-b9ce2a6427ff,transaction,T00100877,HIGH_TRANSACTION_FREQUENCY,medium,Multiple transactions occurred within an unusually short time window.
5bb12d30-e89f-4fb7-b2e7-3baacc524a32,transaction,T00100878,HIGH_TRANSACTION_FREQUENCY,medium,Multiple transactions occurred within an unusually short time window.
aea838b7-e1f3-4bc4-baff-6506605865cf,transaction,T00100879,HIGH_TRANSACTION_FREQUENCY,medium,Multiple transactions occurred within an unusually short time window.
84eb2988-4939-4f83-83d1-4b838ad835e1,transaction,T00100880,HIGH_TRANSACTION_FREQUENCY,medium,Multiple transactions occurred within an unusually short time window.
5bbff507-843c-4656-a5b9-5882f405fab5,transaction,T00100881,HIGH_TRANSACTION_FREQUENCY,medium,Multiple transactions occurred within an unusually short time window.
a23476d2-2b48-449f-a11b-eb051d96324c,transaction,T00100882,HIGH_TRANSACTION_FREQUENCY,medium,Multiple transactions occurred within an unusually short time window.
9c578d74-fca3-4ece-a38d-404cb6babfb5,transaction,T00100883,HIGH_TRANSACTION_FREQUENCY,medium,Multiple transactions occurred within an unusually short time window.
8be4d397-7be0-44ef-9cc4-a06474716bca,transaction,T00100884,HIGH_TRANSACTION_FREQUENCY,medium,Multiple transactions occurred within an unusually short time window.
006462fd-85c0-44da-847b-51661c5559ea,transaction,T00100885,HIGH_TRANSACTION_FREQUENCY,medium,Multiple transactions occurred within an unusually short time window.
7e5231c7-607a-44c7-88f0-4b32f4e50840,transaction,T00100886,HIGH_TRANSACTION_FREQUENCY,medium,Multiple transactions occurred within an unusually short time window.
864eb498-0821-44b1-9918-201cbfb62aeb,transaction,T00100887,HIGH_TRANSACTION_FREQUENCY,medium,Multiple transactions occurred within an unusually short time window.
c68c0ca5-e227-4a07-9b0a-32cb42374eb7,transaction,T00100888,HIGH_TRANSACTION_FREQUENCY,medium,Multiple transactions occurred within an unusually short time window.
73bb920d-78a8-48c7-9b14-d0edc56432a8,transaction,T00100889,HIGH_TRANSACTION_FREQUENCY,medium,Multiple transactions occurred within an unusually short time window.
c2acba4e-3041-47fc-a4a6-812e32a4d153,transaction,T00100890,HIGH_TRANSACTION_FREQUENCY,medium,Multiple transactions occurred within an unusually short time window.
bc4a81c0-c206-45ec-b1ed-a85194f62fbe,transaction,T00100891,HIGH_TRANSACTION_FREQUENCY,medium,Multiple transactions occurred within an unusually short time window.
ec0f844b-c166-4f0a-8c73-26523f3e0999,transaction,T00100892,HIGH_TRANSACTION_FREQUENCY,medium,Multiple transactions occurred within an unusually short time window.
42f63895-3f3a-48b1-b61b-ea7b18bf92e0,transaction,T00100893,HIGH_TRANSACTION_FREQUENCY,medium,Multiple transactions occurred within an unusually short time window.
89e56ec2-7275-4960-b03b-3d969915cf58,transaction,T00100894,HIGH_TRANSACTION_FREQUENCY,medium,Multiple transactions occurred within an unusually short time window.
05c1a569-7a97-4380-9d22-7fca51b2a767,transaction,T00100895,HIGH_TRANSACTION_FREQUENCY,medium,Multiple transactions occurred within an unusually short time window.
b9dbcabd-4774-4e7c-b136-530d68998b73,transaction,T00100896,HIGH_TRANSACTION_FREQUENCY,medium,Multiple transactions occurred within an unusually short time window.
93a05d62-844a-4c71-9aac-b978cdd2de42,transaction,T00100897,HIGH_TRANSACTION_FREQUENCY,medium,Multiple transactions occurred within an unusually short time window.
58ccd715-575a-4bf4-acb3-74aea6557553,transaction,T00100898,HIGH_TRANSACTION_FREQUENCY,medium,Multiple transactions occurred within an unusually short time window.
af570e55-1e4e-482e-8166-218a5c11b2bb,transaction,T00100899,HIGH_TRANSACTION_FREQUENCY,medium,Multiple transactions occurred within an unusually short time window.
5f4d1f90-3832-4564-9609-bf1e679e10da,transaction,T00100900,HIGH_TRANSACTION_FREQUENCY,medium,Multiple transactions occurred within an unusually short time window.
11bdbef6-6574-4866-9ac8-95809398ed36,transaction,T00100901,HIGH_TRANSACTION_FREQUENCY,medium,Multiple transactions occurred within an unusually short time window.
00d64334-312c-4a44-84e6-ea489e45c545,transaction,T00100902,HIGH_TRANSACTION_FREQUENCY,medium,Multiple transactions occurred within an unusually short time window.
b5ef25e2-1e6e-4690-bd66-23311c642ba3,transaction,T00100903,HIGH_TRANSACTION_FREQUENCY,medium,Multiple transactions occurred within an unusually short time window.
258d1a9d-732d-4a71-b680-e5ea371257b9,transaction,T00100904,HIGH_TRANSACTION_FREQUENCY,medium,Multiple transactions occurred within an unusually short time window.
68f215a5-aa42-4a4c-a4b6-899b813c4d7f,transaction,T00100905,HIGH_TRANSACTION_FREQUENCY,medium,Multiple transactions occurred within an unusually short time window.
e555e7a5-b164-49a5-af3c-b5f8dfe2cefd,transaction,T00100906,HIGH_TRANSACTION_FREQUENCY,medium,Multiple transactions occurred within an unusually short time window.
a2890026-eb30-42c3-8b10-f809e8b97e81,transaction,T00100907,HIGH_TRANSACTION_FREQUENCY,medium,Multiple transactions occurred within an unusually short time window.
06290731-982b-459c-9ae3-440885e9cc0c,transaction,T00100908,HIGH_TRANSACTION_FREQUENCY,medium,Multiple transactions occurred within an unusually short time window.
152fe898-66b5-48d1-9a7a-7b4c5964686e,transaction,T00100909,HIGH_TRANSACTION_FREQUENCY,medium,Multiple transactions occurred within an unusually short time window.
3a8e2ab2-1247-431a-a035-7eab55c3f9c1,transaction,T00100910,HIGH_TRANSACTION_FREQUENCY,medium,Multiple transactions occurred within an unusually short time window.
34c89a4d-0edc-4dcf-b24b-ba1e7ede8dc3,transaction,T00100911,HIGH_TRANSACTION_FREQUENCY,medium,Multiple transactions occurred within an unusually short time window.
ebbef7a6-1b7a-4070-b187-700335f80621,transaction,T00100912,HIGH_TRANSACTION_FREQUENCY,medium,Multiple transactions occurred within an unusually short time window.
0607c290-5422-4a2f-a679-e3c2d5ee9448,transaction,T00100913,HIGH_TRANSACTION_FREQUENCY,medium,Multiple transactions occurred within an unusually short time window.
6538191e-172b-4184-8736-b7c3b3860f82,transaction,T00100914,HIGH_TRANSACTION_FREQUENCY,medium,Multiple transactions occurred within an unusually short time window.
ecf599a5-172d-4e5b-bdea-ad5e45ebd986,transaction,T00100915,HIGH_TRANSACTION_FREQUENCY,medium,Multiple transactions occurred within an unusually short time window.
b197c929-d0ab-42b5-9906-278c31908a65,transaction,T00100916,HIGH_TRANSACTION_FREQUENCY,medium,Multiple transactions occurred within an unusually short time window.
db52b13c-dbeb-4cf1-9e1d-88431b191f04,transaction,T00100917,HIGH_TRANSACTION_FREQUENCY,medium,Multiple transactions occurred within an unusually short time window.
616b4e7d-c481-4fbc-ba9b-76a2f5b80b7d,transaction,T00100918,HIGH_TRANSACTION_FREQUENCY,medium,Multiple transactions occurred within an unusually short time window.
aa94082d-2482-48cd-bf14-e5c13177cbd2,transaction,T00100919,HIGH_TRANSACTION_FREQUENCY,medium,Multiple transactions occurred within an unusually short time window.
07dad5b7-4f62-4d56-9678-fe50eed3618b,transaction,T00100920,HIGH_TRANSACTION_FREQUENCY,medium,Multiple transactions occurred within an unusually short time window.
301c8d57-437f-45a3-86ed-cb6454285571,transaction,T00100921,HIGH_TRANSACTION_FREQUENCY,medium,Multiple transactions occurred within an unusually short time window.
d7e59ea7-4283-4ecb-9453-b2364177780f,transaction,T00100922,HIGH_TRANSACTION_FREQUENCY,medium,Multiple transactions occurred within an unusually short time window.
d45e83b7-4965-4fa0-a8d1-96b064f3dad2,transaction,T00100923,HIGH_TRANSACTION_FREQUENCY,medium,Multiple transactions occurred within an unusually short time window.
07f45932-83dc-410b-a8ed-fe7e1d82b824,transaction,T00100924,HIGH_TRANSACTION_FREQUENCY,medium,Multiple transactions occurred within an unusually short time window.
429f37af-c5eb-4aaa-9abd-2790d80c4d6a,transaction,T00100925,HIGH_TRANSACTION_FREQUENCY,medium,Multiple transactions occurred within an unusually short time window.
bd1815e9-d402-4e29-a6c4-950882bc7d9b,transaction,T00100926,HIGH_TRANSACTION_FREQUENCY,medium,Multiple transactions occurred within an unusually short time window.
ea03d070-bdb1-4d7d-ae1d-07d811ff23e1,transaction,T00100927,HIGH_TRANSACTION_FREQUENCY,medium,Multiple transactions occurred within an unusually short time window.
0b01ebb8-0847-4c48-b23a-5af2b8c18154,transaction,T00100928,HIGH_TRANSACTION_FREQUENCY,medium,Multiple transactions occurred within an unusually short time window.
2ad19087-764e-43f4-bc08-7e64d084b638,transaction,T00100929,HIGH_TRANSACTION_FREQUENCY,medium,Multiple transactions occurred within an unusually short time window.
e99bdf65-1df0-4a9e-bdb2-2ba64e773388,transaction,T00100930,HIGH_TRANSACTION_FREQUENCY,medium,Multiple transactions occurred within an unusually short time window.
6063b17d-440d-488b-abdc-333c73a1389f,transaction,T00100931,HIGH_TRANSACTION_FREQUENCY,medium,Multiple transactions occurred within an unusually short time window.
2c94115e-deff-43ff-93f5-bffecb9ce116,transaction,T00100932,HIGH_TRANSACTION_FREQUENCY,medium,Multiple transactions occurred within an unusually short time window.
b967cf29-d669-490b-a434-138d13e2303f,transaction,T00100933,HIGH_TRANSACTION_FREQUENCY,medium,Multiple transactions occurred within an unusually short time window.
677fd3cb-86c6-477a-b446-e20b9d959e83,transaction,T00100934,HIGH_TRANSACTION_FREQUENCY,medium,Multiple transactions occurred within an unusually short time window.
78f84580-a722-426e-89e5-9fa0547f9968,transaction,T00100935,HIGH_TRANSACTION_FREQUENCY,medium,Multiple transactions occurred within an unusually short time window.
c0e19bab-6720-43f8-a559-045fd48cb732,transaction,T00100936,HIGH_TRANSACTION_FREQUENCY,medium,Multiple transactions occurred within an unusually short time window.
1f51c55b-f511-4b47-8473-9edeb45253c9,transaction,T00100937,HIGH_TRANSACTION_FREQUENCY,medium,Multiple transactions occurred within an unusually short time window.
8c4a63c9-cfe4-4802-a734-cd678f2e2c4c,transaction,T00100938,HIGH_TRANSACTION_FREQUENCY,medium,Multiple transactions occurred within an unusually short time window.
0bdd06d1-c583-43ec-bc39-8aba01e5d512,transaction,T00100939,HIGH_TRANSACTION_FREQUENCY,medium,Multiple transactions occurred within an unusually short time window.
8b07b631-563f-40f9-8fe4-d2da5c4fa27d,transaction,T00100940,HIGH_TRANSACTION_FREQUENCY,medium,Multiple transactions occurred within an unusually short time window.
62d2a900-1175-4324-9dd5-4a9e6a8f3adf,transaction,T00100941,HIGH_TRANSACTION_FREQUENCY,medium,Multiple transactions occurred within an unusually short time window.
97a5ea2e-2f6d-45b0-9f45-de107738e01a,transaction,T00100942,HIGH_TRANSACTION_FREQUENCY,medium,Multiple transactions occurred within an unusually short time window.
6535baea-99b4-4d97-9dcf-40e00ca85634,transaction,T00100943,HIGH_TRANSACTION_FREQUENCY,medium,Multiple transactions occurred within an unusually short time window.
10b8c05e-8745-40c0-bdb2-f8c158048116,transaction,T00100944,HIGH_TRANSACTION_FREQUENCY,medium,Multiple transactions occurred within an unusually short time window.
e5d89429-9800-4974-ae5a-436481e38f64,transaction,T00100945,HIGH_TRANSACTION_FREQUENCY,medium,Multiple transactions occurred within an unusually short time window.
1f7751ce-669b-4fd6-a516-ada0b78fdad3,transaction,T00100946,HIGH_TRANSACTION_FREQUENCY,medium,Multiple transactions occurred within an unusually short time window.
495ed91d-bcbd-4947-ad50-a922ce561545,transaction,T00100947,HIGH_TRANSACTION_FREQUENCY,medium,Multiple transactions occurred within an unusually short time window.
177db783-8c72-4a7b-bff3-e60c0c6357f2,transaction,T00100948,HIGH_TRANSACTION_FREQUENCY,medium,Multiple transactions occurred within an unusually short time window.
7a79d5a6-5415-4b30-85f7-e07eee961a44,transaction,T00100949,HIGH_TRANSACTION_FREQUENCY,medium,Multiple transactions occurred within an unusually short time window.
63cdaf26-1498-4445-a96a-2d3a4ea39ddf,transaction,T00100950,HIGH_TRANSACTION_FREQUENCY,medium,Multiple transactions occurred within an unusually short time window.
53f5f02d-b63d-40df-b82c-2ced0e380023,transaction,T00100951,HIGH_TRANSACTION_FREQUENCY,medium,Multiple transactions occurred within an unusually short time window.
463737b4-215f-463b-8a17-d48a63334117,transaction,T00100952,HIGH_TRANSACTION_FREQUENCY,medium,Multiple transactions occurred within an unusually short time window.
538c99cd-98d4-4176-8915-f481798beaa0,transaction,T00100953,HIGH_TRANSACTION_FREQUENCY,medium,Multiple transactions occurred within an unusually short time window.
79b66dc1-3edf-4345-b805-06647fdb9020,transaction,T00100954,HIGH_TRANSACTION_FREQUENCY,medium,Multiple transactions occurred within an unusually short time window.
630070bc-8680-4110-90fb-a6227691369c,transaction,T00100955,HIGH_TRANSACTION_FREQUENCY,medium,Multiple transactions occurred within an unusually short time window.
c7eb9414-d4eb-4c6d-b691-3004726d8b96,transaction,T00100956,HIGH_TRANSACTION_FREQUENCY,medium,Multiple transactions occurred within an unusually short time window.
4f88da55-39f1-4055-ab46-e0eed61d1725,transaction,T00100957,HIGH_TRANSACTION_FREQUENCY,medium,Multiple transactions occurred within an unusually short time window.
a9216af3-0820-49c7-8e39-9e91530cbdd1,transaction,T00100958,HIGH_TRANSACTION_FREQUENCY,medium,Multiple transactions occurred within an unusually short time window.
2960da69-be30-4b44-9aef-a6892db89a4a,transaction,T00100959,HIGH_TRANSACTION_FREQUENCY,medium,Multiple transactions occurred within an unusually short time window.
a0c0d283-c71b-483c-a75e-866bff1310ee,transaction,T00100960,HIGH_TRANSACTION_FREQUENCY,medium,Multiple transactions occurred within an unusually short time window.
f256d911-62c4-4cf9-ad3a-deaccc527d5c,transaction,T00100961,HIGH_TRANSACTION_FREQUENCY,medium,Multiple transactions occurred within an unusually short time window.
b61dba7d-ffab-4ff2-bd8d-63cd8190183c,transaction,T00100962,HIGH_TRANSACTION_FREQUENCY,medium,Multiple transactions occurred within an unusually short time window.
53e3dbd6-37d7-4ff6-aa3b-41652cdbd830,transaction,T00100963,HIGH_TRANSACTION_FREQUENCY,medium,Multiple transactions occurred within an unusually short time window.
5f8f55eb-1269-4feb-a914-d861dbcbd7b6,transaction,T00100964,HIGH_TRANSACTION_FREQUENCY,medium,Multiple transactions occurred within an unusually short time window.
0a1aa90d-3b7e-452c-a9c0-111549c77eae,transaction,T00100965,HIGH_TRANSACTION_FREQUENCY,medium,Multiple transactions occurred within an unusually short time window.
e88f5f61-020a-43bc-bec9-31745d011247,transaction,T00100966,HIGH_TRANSACTION_FREQUENCY,medium,Multiple transactions occurred within an unusually short time window.
61122834-85d2-41d4-bf95-efb5ce6d200b,transaction,T00100967,HIGH_TRANSACTION_FREQUENCY,medium,Multiple transactions occurred within an unusually short time window.
03a6dbe3-3352-4a8c-bac9-60a5da159481,transaction,T00100968,HIGH_TRANSACTION_FREQUENCY,medium,Multiple transactions occurred within an unusually short time window.
d4214bfa-eb16-4be1-aa97-07201991dcbd,transaction,T00100969,HIGH_TRANSACTION_FREQUENCY,medium,Multiple transactions occurred within an unusually short time window.
0556b189-da69-4b71-b611-b16409739474,transaction,T00100970,HIGH_TRANSACTION_FREQUENCY,medium,Multiple transactions occurred within an unusually short time window.
85d04715-4089-4afd-836e-afaa1eca57e5,transaction,T00100971,HIGH_TRANSACTION_FREQUENCY,medium,Multiple transactions occurred within an unusually short time window.
4b97df59-c5e5-4458-b344-92da532ab443,transaction,T00100972,HIGH_TRANSACTION_FREQUENCY,medium,Multiple transactions occurred within an unusually short time window.
c50ba21c-c8a6-4cec-9256-0a9127c59f42,transaction,T00100973,HIGH_TRANSACTION_FREQUENCY,medium,Multiple transactions occurred within an unusually short time window.
8cc855b4-1792-456a-870f-426af99b0e62,transaction,T00100974,HIGH_TRANSACTION_FREQUENCY,medium,Multiple transactions occurred within an unusually short time window.
fd6e0acd-7f3c-40fb-88e8-07c0dd5c524d,transaction,T00100975,HIGH_TRANSACTION_FREQUENCY,medium,Multiple transactions occurred within an unusually short time window.
712d6d6e-c0b3-45fa-8ceb-b84ec4533da4,transaction,T00100976,HIGH_TRANSACTION_FREQUENCY,medium,Multiple transactions occurred within an unusually short time window.
a9b3dbd4-575d-4a69-b415-83242f20f8c5,transaction,T00100977,HIGH_TRANSACTION_FREQUENCY,medium,Multiple transactions occurred within an unusually short time window.
1ab10640-a2ab-4248-b9b4-ddb26036025e,transaction,T00100978,HIGH_TRANSACTION_FREQUENCY,medium,Multiple transactions occurred within an unusually short time window.
251417b4-b536-4878-a386-f9cdc058dbea,transaction,T00100979,HIGH_TRANSACTION_FREQUENCY,medium,Multiple transactions occurred within an unusually short time window.
304be4ea-4fdd-45f2-83de-c5fc4a6c4563,transaction,T00100980,HIGH_TRANSACTION_FREQUENCY,medium,Multiple transactions occurred within an unusually short time window.
588adf41-f87f-4c1b-9002-a43cd7971673,transaction,T00100981,HIGH_TRANSACTION_FREQUENCY,medium,Multiple transactions occurred within an unusually short time window.
e3b34ecf-f402-4e87-8252-36d5e61eff00,transaction,T00100982,HIGH_TRANSACTION_FREQUENCY,medium,Multiple transactions occurred within an unusually short time window.
7b14d85f-dcdf-4f7a-be60-6aa0d1f6fa63,transaction,T00100983,HIGH_TRANSACTION_FREQUENCY,medium,Multiple transactions occurred within an unusually short time window.
21e3fe0f-a876-4af6-a427-5be150170e23,transaction,T00100984,HIGH_TRANSACTION_FREQUENCY,medium,Multiple transactions occurred within an unusually short time window.
94cea0e7-564a-4a76-9acc-bedef0fc3c5b,transaction,T00100985,HIGH_TRANSACTION_FREQUENCY,medium,Multiple transactions occurred within an unusually short time window.
5ad4e048-15fa-484b-ab4d-7ef9d2fe8e8f,transaction,T00100986,HIGH_TRANSACTION_FREQUENCY,medium,Multiple transactions occurred within an unusually short time window.
6715a517-48f6-462f-b801-e9d02133475c,transaction,T00100987,HIGH_TRANSACTION_FREQUENCY,medium,Multiple transactions occurred within an unusually short time window.
e4ee0309-2ec5-4e61-857e-b1a7eef3f434,transaction,T00100988,HIGH_TRANSACTION_FREQUENCY,medium,Multiple transactions occurred within an unusually short time window.
c3943a2b-74d7-4366-bd19-fa2b6eb2a536,transaction,T00100989,HIGH_TRANSACTION_FREQUENCY,medium,Multiple transactions occurred within an unusually short time window.
f53a34f8-afe9-473e-9f26-cae1820167c2,transaction,T00100990,HIGH_TRANSACTION_FREQUENCY,medium,Multiple transactions occurred within an unusually short time window.
117a07b9-333b-4cbc-aa5d-4eda3d82218b,transaction,T00100991,HIGH_TRANSACTION_FREQUENCY,medium,Multiple transactions occurred within an unusually short time window.
3a489da9-8d2d-4c46-b711-316c21717401,transaction,T00100992,HIGH_TRANSACTION_FREQUENCY,medium,Multiple transactions occurred within an unusually short time window.
af1d19db-1fa5-4875-999d-5381783cfae9,transaction,T00100993,HIGH_TRANSACTION_FREQUENCY,medium,Multiple transactions occurred within an unusually short time window.
107ba6f8-5414-4c0d-9ba8-f796a7ad20fd,transaction,T00100994,HIGH_TRANSACTION_FREQUENCY,medium,Multiple transactions occurred within an unusually short time window.
89947f64-b3fc-45b9-b81f-8c277a7f8f13,transaction,T00100995,HIGH_TRANSACTION_FREQUENCY,medium,Multiple transactions occurred within an unusually short time window.
a9244d05-eb30-49b3-87dd-b7468fcfeb17,transaction,T00100996,HIGH_TRANSACTION_FREQUENCY,medium,Multiple transactions occurred within an unusually short time window.
e1931561-c4b3-417e-8aad-eaca7098ce8c,transaction,T00100997,HIGH_TRANSACTION_FREQUENCY,medium,Multiple transactions occurred within an unusually short time window.
8775a5e2-2a30-48fb-9284-d08d0d58732d,transaction,T00100998,HIGH_TRANSACTION_FREQUENCY,medium,Multiple transactions occurred within an unusually short time window.
56996952-cde3-480c-b387-72dd9d6e5343,transaction,T00100999,HIGH_TRANSACTION_FREQUENCY,medium,Multiple transactions occurred within an unusually short time window.
b9a593a6-98ee-44a5-8b86-dcfe4526646b,transaction,T00101000,HIGH_TRANSACTION_FREQUENCY,medium,Multiple transactions occurred within an unusually short time window.
bd1468f0-7e53-496c-bf1b-2eb20af20082,access_log,L00100001,REPEATED_FAILED_ACCESS,high,Repeated failed access attempts were observed for a sensitive resource.
6cc4be3a-b1db-4492-a9a8-2dd92e746747,access_log,L00100002,REPEATED_FAILED_ACCESS,high,Repeated failed access attempts were observed for a sensitive resource.
9740ad69-320b-4e89-b68f-7a365c298fe4,access_log,L00100003,REPEATED_FAILED_ACCESS,high,Repeated failed access attempts were observed for a sensitive resource.
3d73e8f6-641d-4e3e-beab-af3a09e535f1,access_log,L00100004,REPEATED_FAILED_ACCESS,high,Repeated failed access attempts were observed for a sensitive resource.
839f760a-45d1-4494-99d4-88ea85534960,access_log,L00100005,REPEATED_FAILED_ACCESS,high,Repeated failed access attempts were observed for a sensitive resource.
3648692a-74ad-4ce9-8d27-f17e9222f649,access_log,L00100006,REPEATED_FAILED_ACCESS,high,Repeated failed access attempts were observed for a sensitive resource.
c71cbb9d-cd0f-452b-af09-412ca062c766,access_log,L00100007,REPEATED_FAILED_ACCESS,high,Repeated failed access attempts were observed for a sensitive resource.
bbffd509-9f9c-49d8-8538-ede46c37a6ae,access_log,L00100008,REPEATED_FAILED_ACCESS,high,Repeated failed access attempts were observed for a sensitive resource.
1055b38b-0605-4867-b2a0-6770775e977c,access_log,L00100009,REPEATED_FAILED_ACCESS,high,Repeated failed access attempts were observed for a sensitive resource.
8c85a8c7-a0fc-41c5-a21f-5529ae68ffd2,access_log,L00100010,REPEATED_FAILED_ACCESS,high,Repeated failed access attempts were observed for a sensitive resource.
0a2eb776-3d27-43fe-bdf9-8e1202519467,access_log,L00100011,REPEATED_FAILED_ACCESS,high,Repeated failed access attempts were observed for a sensitive resource.
6aaaddec-ad2e-4dad-9d78-139b572820b4,access_log,L00100012,REPEATED_FAILED_ACCESS,high,Repeated failed access attempts were observed for a sensitive resource.
ed0b0f83-db3b-4a68-b68e-d006d7c261b1,access_log,L00100013,REPEATED_FAILED_ACCESS,high,Repeated failed access attempts were observed for a sensitive resource.
4754121b-d409-4b6f-8c03-67e0b26a8b44,access_log,L00100014,REPEATED_FAILED_ACCESS,high,Repeated failed access attempts were observed for a sensitive resource.
bd433dcb-b212-4bc5-989d-714a012036ba,access_log,L00100015,REPEATED_FAILED_ACCESS,high,Repeated failed access attempts were observed for a sensitive resource.
a8cd1090-b4c8-46aa-8df5-cc6038af5e31,access_log,L00100016,REPEATED_FAILED_ACCESS,high,Repeated failed access attempts were observed for a sensitive resource.
55f31d5d-88bd-4aa4-b0cd-21f7dabc8e32,access_log,L00100017,REPEATED_FAILED_ACCESS,high,Repeated failed access attempts were observed for a sensitive resource.
d2bc7224-e3b0-4ea3-8760-a9f7040ff0e4,access_log,L00100018,REPEATED_FAILED_ACCESS,high,Repeated failed access attempts were observed for a sensitive resource.
b0533e9e-a8a0-4f81-9008-ea63ce6acf1f,access_log,L00100019,REPEATED_FAILED_ACCESS,high,Repeated failed access attempts were observed for a sensitive resource.
9791c4a9-294b-4e88-ba27-dca7081e6269,access_log,L00100020,REPEATED_FAILED_ACCESS,high,Repeated failed access attempts were observed for a sensitive resource.
21e782f2-f0c0-425c-8eb0-2ac122a6d83f,access_log,L00100021,REPEATED_FAILED_ACCESS,high,Repeated failed access attempts were observed for a sensitive resource.
769b6ec5-22b6-4ec3-bc18-92425d3c75d3,access_log,L00100022,REPEATED_FAILED_ACCESS,high,Repeated failed access attempts were observed for a sensitive resource.
53d97c72-ff22-4005-8ef9-557bd399b793,access_log,L00100023,REPEATED_FAILED_ACCESS,high,Repeated failed access attempts were observed for a sensitive resource.
4cab1297-beb1-4ab1-860e-4cef6fb30c5f,access_log,L00100024,REPEATED_FAILED_ACCESS,high,Repeated failed access attempts were observed for a sensitive resource.
2fbf64c0-9b31-4603-831f-8b9b0cb39c40,access_log,L00100025,REPEATED_FAILED_ACCESS,high,Repeated failed access attempts were observed for a sensitive resource.
e3c9ade9-bef9-4ed7-a7fa-04016fbc90dd,access_log,L00100026,REPEATED_FAILED_ACCESS,high,Repeated failed access attempts were observed for a sensitive resource.
33df200e-aea2-4b40-9e56-79313a69bcb9,access_log,L00100027,REPEATED_FAILED_ACCESS,high,Repeated failed access attempts were observed for a sensitive resource.
502c9d90-2fc3-4c68-b357-b365656a060f,access_log,L00100028,REPEATED_FAILED_ACCESS,high,Repeated failed access attempts were observed for a sensitive resource.
eb5e8d4d-6151-4c13-9a12-06d8551eea9b,access_log,L00100029,REPEATED_FAILED_ACCESS,high,Repeated failed access attempts were observed for a sensitive resource.
e31ea930-42f0-4d70-b44e-0577677275b1,access_log,L00100030,REPEATED_FAILED_ACCESS,high,Repeated failed access attempts were observed for a sensitive resource.
0c1e943c-fef6-462e-8b89-eb85e4ba496c,access_log,L00100031,REPEATED_FAILED_ACCESS,high,Repeated failed access attempts were observed for a sensitive resource.
c516c01f-bbe1-4c9d-a22d-d77bfc3bf3b2,access_log,L00100032,REPEATED_FAILED_ACCESS,high,Repeated failed access attempts were observed for a sensitive resource.
ce1a2563-f601-45f7-a1e6-11eec83767fb,access_log,L00100033,REPEATED_FAILED_ACCESS,high,Repeated failed access attempts were observed for a sensitive resource.
2a88807d-baa1-4768-8ffb-e5a07a8453d8,access_log,L00100034,REPEATED_FAILED_ACCESS,high,Repeated failed access attempts were observed for a sensitive resource.
19187db9-9cca-4fc8-9420-2368e8edd4ca,access_log,L00100035,REPEATED_FAILED_ACCESS,high,Repeated failed access attempts were observed for a sensitive resource.
7bc3d886-5e1a-418a-926d-ef2cacfa4351,access_log,L00100036,REPEATED_FAILED_ACCESS,high,Repeated failed access attempts were observed for a sensitive resource.
273644a6-857f-4ab1-8e7d-1427f2d3f3c9,access_log,L00100037,REPEATED_FAILED_ACCESS,high,Repeated failed access attempts were observed for a sensitive resource.
f1edf672-8b53-414c-bda7-d4ffdb1b9c04,access_log,L00100038,REPEATED_FAILED_ACCESS,high,Repeated failed access attempts were observed for a sensitive resource.
7b1a69fa-635b-4e20-8de7-4da1443d5a6d,access_log,L00100039,REPEATED_FAILED_ACCESS,high,Repeated failed access attempts were observed for a sensitive resource.
60fe4a28-6b18-4095-b7ea-a758663cf6d8,access_log,L00100040,REPEATED_FAILED_ACCESS,high,Repeated failed access attempts were observed for a sensitive resource.
2648246a-00ef-4483-a32b-11553ac638cf,access_log,L00100041,REPEATED_FAILED_ACCESS,high,Repeated failed access attempts were observed for a sensitive resource.
5073512a-540a-49dc-800a-1ff25d396407,access_log,L00100042,REPEATED_FAILED_ACCESS,high,Repeated failed access attempts were observed for a sensitive resource.
85275d2b-4368-4aa2-93fc-ec82baaf610b,access_log,L00100043,REPEATED_FAILED_ACCESS,high,Repeated failed access attempts were observed for a sensitive resource.
e5823553-495d-45a1-90e1-8fc66bb17cd7,access_log,L00100044,REPEATED_FAILED_ACCESS,high,Repeated failed access attempts were observed for a sensitive resource.
559f44a5-6dc7-4d4e-876d-69afc730e09e,access_log,L00100045,REPEATED_FAILED_ACCESS,high,Repeated failed access attempts were observed for a sensitive resource.
c71712b6-8ebf-4be6-b8f1-9e37c10d920c,access_log,L00100046,REPEATED_FAILED_ACCESS,high,Repeated failed access attempts were observed for a sensitive resource.
c41c3d9c-1bd4-49eb-af8a-e6a738f3ee5f,access_log,L00100047,REPEATED_FAILED_ACCESS,high,Repeated failed access attempts were observed for a sensitive resource.
eeb23485-e6d0-4ae4-bac9-2f8f3221312b,access_log,L00100048,REPEATED_FAILED_ACCESS,high,Repeated failed access attempts were observed for a sensitive resource.
d4987c4b-b0ce-4323-a3b3-269103ecdca8,access_log,L00100049,REPEATED_FAILED_ACCESS,high,Repeated failed access attempts were observed for a sensitive resource.
ed559549-9fc0-4ae9-8c10-96ed182ab260,access_log,L00100050,REPEATED_FAILED_ACCESS,high,Repeated failed access attempts were observed for a sensitive resource.
ca3131b9-683c-4018-b97c-281aa8c85470,access_log,L00100051,REPEATED_FAILED_ACCESS,high,Repeated failed access attempts were observed for a sensitive resource.
cf44028e-5d53-4857-a55f-97f2bfd9e61d,access_log,L00100052,REPEATED_FAILED_ACCESS,high,Repeated failed access attempts were observed for a sensitive resource.
bace8411-f598-4509-bae5-f21710edfe7e,access_log,L00100053,REPEATED_FAILED_ACCESS,high,Repeated failed access attempts were observed for a sensitive resource.
6dff768d-f835-4dfd-81e0-97a20bf531e0,access_log,L00100054,REPEATED_FAILED_ACCESS,high,Repeated failed access attempts were observed for a sensitive resource.
9bc66f7c-046a-4b09-8ab3-4e0da8c79cb1,access_log,L00100055,REPEATED_FAILED_ACCESS,high,Repeated failed access attempts were observed for a sensitive resource.
8e6bdbd3-96e5-4639-befe-2d9351fd97bc,access_log,L00100056,REPEATED_FAILED_ACCESS,high,Repeated failed access attempts were observed for a sensitive resource.
8dbd9663-a8eb-492b-af59-5df3c6ffff9c,access_log,L00100057,REPEATED_FAILED_ACCESS,high,Repeated failed access attempts were observed for a sensitive resource.
8ba9dea4-b8aa-4cda-9189-f9d62e03a8d9,access_log,L00100058,REPEATED_FAILED_ACCESS,high,Repeated failed access attempts were observed for a sensitive resource.
11a27500-5561-4278-b744-704824abc956,access_log,L00100059,REPEATED_FAILED_ACCESS,high,Repeated failed access attempts were observed for a sensitive resource.
fcb2e289-dd9f-4d9e-952c-fb1d0eb25595,access_log,L00100060,REPEATED_FAILED_ACCESS,high,Repeated failed access attempts were observed for a sensitive resource.
4c9c16fe-d599-4ac0-badc-86e272ed6837,access_log,L00100061,REPEATED_FAILED_ACCESS,high,Repeated failed access attempts were observed for a sensitive resource.
08476cdb-e16d-486f-be43-8feaaf23c8ee,access_log,L00100062,REPEATED_FAILED_ACCESS,high,Repeated failed access attempts were observed for a sensitive resource.
3d952e5c-cada-4cbb-92fa-2a7f4b74b042,access_log,L00100063,REPEATED_FAILED_ACCESS,high,Repeated failed access attempts were observed for a sensitive resource.
2a2d39c5-5b39-4852-a983-ccf84440241f,access_log,L00100064,REPEATED_FAILED_ACCESS,high,Repeated failed access attempts were observed for a sensitive resource.
560a3d5b-6c6e-40de-a3cd-2c99d5d246e1,access_log,L00100065,REPEATED_FAILED_ACCESS,high,Repeated failed access attempts were observed for a sensitive resource.
7415543a-2f68-4ee6-ba2f-c24849a6b89d,access_log,L00100066,REPEATED_FAILED_ACCESS,high,Repeated failed access attempts were observed for a sensitive resource.
45047591-f19a-44b9-bf71-461f49f75934,access_log,L00100067,REPEATED_FAILED_ACCESS,high,Repeated failed access attempts were observed for a sensitive resource.
6a0f765c-cd5c-4577-8357-8895397c4b6a,access_log,L00100068,REPEATED_FAILED_ACCESS,high,Repeated failed access attempts were observed for a sensitive resource.
eb4eaa51-c0c8-40b6-9d87-7415e8a62203,access_log,L00100069,REPEATED_FAILED_ACCESS,high,Repeated failed access attempts were observed for a sensitive resource.
84f09671-21a1-41e9-b198-33396f499929,access_log,L00100070,REPEATED_FAILED_ACCESS,high,Repeated failed access attempts were observed for a sensitive resource.
20bb8d5e-f6f8-4459-b08a-4722217f6178,access_log,L00100071,REPEATED_FAILED_ACCESS,high,Repeated failed access attempts were observed for a sensitive resource.
8fd82569-b715-4b4e-8e9d-a4d36b3ce155,access_log,L00100072,REPEATED_FAILED_ACCESS,high,Repeated failed access attempts were observed for a sensitive resource.
40aae24b-b19d-486a-8df6-de3427780494,access_log,L00100073,REPEATED_FAILED_ACCESS,high,Repeated failed access attempts were observed for a sensitive resource.
6341a8b9-d797-446e-bdfe-97f9cf3659c4,access_log,L00100074,REPEATED_FAILED_ACCESS,high,Repeated failed access attempts were observed for a sensitive resource.
78a61fa3-4a0e-465f-abd5-8d49d1244c1f,access_log,L00100075,REPEATED_FAILED_ACCESS,high,Repeated failed access attempts were observed for a sensitive resource.
565a080e-c3f3-4f61-984f-ac8254b81477,access_log,L00100076,REPEATED_FAILED_ACCESS,high,Repeated failed access attempts were observed for a sensitive resource.
bed9567c-4691-4e4d-9f15-2d8e131bf4a7,access_log,L00100077,REPEATED_FAILED_ACCESS,high,Repeated failed access attempts were observed for a sensitive resource.
4ceebe7b-ccc5-4747-a180-bef4ca64bdb0,access_log,L00100078,REPEATED_FAILED_ACCESS,high,Repeated failed access attempts were observed for a sensitive resource.
0c4e9f96-b58c-4b2b-9c6a-81494da115a5,access_log,L00100079,REPEATED_FAILED_ACCESS,high,Repeated failed access attempts were observed for a sensitive resource.
013f9278-e207-4e89-ab29-692fd5387901,access_log,L00100080,REPEATED_FAILED_ACCESS,high,Repeated failed access attempts were observed for a sensitive resource.
575b040d-afd1-4823-80a3-a002d039141b,access_log,L00100081,REPEATED_FAILED_ACCESS,high,Repeated failed access attempts were observed for a sensitive resource.
ffb02583-addd-4af2-b4f5-cce5b9d562fb,access_log,L00100082,REPEATED_FAILED_ACCESS,high,Repeated failed access attempts were observed for a sensitive resource.
cf736697-30a3-4c07-9bf9-e06ffa5fd780,access_log,L00100083,REPEATED_FAILED_ACCESS,high,Repeated failed access attempts were observed for a sensitive resource.
b2828eac-a92d-4abf-88a0-8943f91e4369,access_log,L00100084,REPEATED_FAILED_ACCESS,high,Repeated failed access attempts were observed for a sensitive resource.
ed714095-5f4b-48d3-8006-0c1c0a6f38ef,access_log,L00100085,REPEATED_FAILED_ACCESS,high,Repeated failed access attempts were observed for a sensitive resource.
74a990cb-c066-4ba4-ac36-1f2f1935684f,access_log,L00100086,REPEATED_FAILED_ACCESS,high,Repeated failed access attempts were observed for a sensitive resource.
505d856f-a493-4d0a-a47f-8f80bf77b7fd,access_log,L00100087,REPEATED_FAILED_ACCESS,high,Repeated failed access attempts were observed for a sensitive resource.
cc561468-e347-4d26-8998-09b64a51d42a,access_log,L00100088,REPEATED_FAILED_ACCESS,high,Repeated failed access attempts were observed for a sensitive resource.
7dc6937f-4535-4397-adeb-dcf51c823a01,access_log,L00100089,REPEATED_FAILED_ACCESS,high,Repeated failed access attempts were observed for a sensitive resource.
613d1a72-5d0d-4397-a35a-f4fa7413e24d,access_log,L00100090,REPEATED_FAILED_ACCESS,high,Repeated failed access attempts were observed for a sensitive resource.
9f439cd5-9914-4e26-b616-84c7834b88da,access_log,L00100091,REPEATED_FAILED_ACCESS,high,Repeated failed access attempts were observed for a sensitive resource.
44de5ffc-d6c2-4e77-a980-de29a03f6178,access_log,L00100092,REPEATED_FAILED_ACCESS,high,Repeated failed access attempts were observed for a sensitive resource.
64c98914-aa36-44f0-9582-7f0a985d329f,access_log,L00100093,REPEATED_FAILED_ACCESS,high,Repeated failed access attempts were observed for a sensitive resource.
dc57c9aa-2cf6-43cb-854d-68b3d3d77a3d,access_log,L00100094,REPEATED_FAILED_ACCESS,high,Repeated failed access attempts were observed for a sensitive resource.
c97aec28-e650-4427-84a0-9c0edfc1ecff,access_log,L00100095,REPEATED_FAILED_ACCESS,high,Repeated failed access attempts were observed for a sensitive resource.
bb9c825e-4ef7-4d56-b1d8-a06427fc5951,access_log,L00100096,REPEATED_FAILED_ACCESS,high,Repeated failed access attempts were observed for a sensitive resource.
9715aeb6-2500-4714-8bd1-5e05c7cc0241,access_log,L00100097,REPEATED_FAILED_ACCESS,high,Repeated failed access attempts were observed for a sensitive resource.
79552d30-f1e5-4742-884b-bcaf573be611,access_log,L00100098,REPEATED_FAILED_ACCESS,high,Repeated failed access attempts were observed for a sensitive resource.
d84e241c-19fa-4c80-9773-056971bf2a53,access_log,L00100099,REPEATED_FAILED_ACCESS,high,Repeated failed access attempts were observed for a sensitive resource.
4f5d3132-e06f-4ee1-b14a-a4570ee4fddd,access_log,L00100100,REPEATED_FAILED_ACCESS,high,Repeated failed access attempts were observed for a sensitive resource.
d0891be6-d138-44b2-924d-c4a629d86353,access_log,L00100101,REPEATED_FAILED_ACCESS,high,Repeated failed access attempts were observed for a sensitive resource.
2dbb32e1-6025-46a4-824c-cc5964d246a3,access_log,L00100102,REPEATED_FAILED_ACCESS,high,Repeated failed access attempts were observed for a sensitive resource.
c6fc1720-ca6d-471d-86e2-a7ae06a7864a,access_log,L00100103,REPEATED_FAILED_ACCESS,high,Repeated failed access attempts were observed for a sensitive resource.
bc55cc3a-00ae-4b78-b608-b8dfa8551ef4,access_log,L00100104,REPEATED_FAILED_ACCESS,high,Repeated failed access attempts were observed for a sensitive resource.
a2c0796d-7ca0-465c-8c48-a1c7fa87f0f6,access_log,L00100105,REPEATED_FAILED_ACCESS,high,Repeated failed access attempts were observed for a sensitive resource.
a707adda-a104-400b-bd86-22b82bf52652,access_log,L00100106,REPEATED_FAILED_ACCESS,high,Repeated failed access attempts were observed for a sensitive resource.
17e83b01-011e-4cfb-8ef9-a1212e4bf690,access_log,L00100107,REPEATED_FAILED_ACCESS,high,Repeated failed access attempts were observed for a sensitive resource.
12d0d5a7-a442-479c-9f82-bac4b75e017b,access_log,L00100108,REPEATED_FAILED_ACCESS,high,Repeated failed access attempts were observed for a sensitive resource.
9655a387-88f8-428c-8083-7635e8a9f185,access_log,L00100109,REPEATED_FAILED_ACCESS,high,Repeated failed access attempts were observed for a sensitive resource.
15843665-8554-42f0-8c3c-629347908c25,access_log,L00100110,REPEATED_FAILED_ACCESS,high,Repeated failed access attempts were observed for a sensitive resource.
c819e5b2-34a5-4e9a-a534-9ebd4f8513f3,access_log,L00100111,REPEATED_FAILED_ACCESS,high,Repeated failed access attempts were observed for a sensitive resource.
82ba89b6-dc63-4d30-99d3-dd6fc51eba07,access_log,L00100112,REPEATED_FAILED_ACCESS,high,Repeated failed access attempts were observed for a sensitive resource.
560bc516-ee9e-460e-a03d-463c906c7787,access_log,L00100113,REPEATED_FAILED_ACCESS,high,Repeated failed access attempts were observed for a sensitive resource.
ef691ae8-8214-4ea3-89fd-00c8864dd928,access_log,L00100114,REPEATED_FAILED_ACCESS,high,Repeated failed access attempts were observed for a sensitive resource.
ec22a0e0-4fe7-4ea8-99e9-9cc15011925c,access_log,L00100115,REPEATED_FAILED_ACCESS,high,Repeated failed access attempts were observed for a sensitive resource.
77e4f3ea-b376-4276-8c8c-c072fe8ab3e0,access_log,L00100116,REPEATED_FAILED_ACCESS,high,Repeated failed access attempts were observed for a sensitive resource.
5ad19ccd-d376-465d-bd8b-8389c8eb1fed,access_log,L00100117,REPEATED_FAILED_ACCESS,high,Repeated failed access attempts were observed for a sensitive resource.
2e727f94-e85a-480e-bcd1-0bdc033965fd,access_log,L00100118,REPEATED_FAILED_ACCESS,high,Repeated failed access attempts were observed for a sensitive resource.
6161c924-0849-4500-b709-188c6873ecba,access_log,L00100119,REPEATED_FAILED_ACCESS,high,Repeated failed access attempts were observed for a sensitive resource.
60286d1c-4b6e-472e-a7ea-8a98612ec382,access_log,L00100120,REPEATED_FAILED_ACCESS,high,Repeated failed access attempts were observed for a sensitive resource.
2b53da3d-d961-4251-8cbb-d8c55892387f,access_log,L00100121,REPEATED_FAILED_ACCESS,high,Repeated failed access attempts were observed for a sensitive resource.
1965e721-b166-4a75-a80b-9241e399a08b,access_log,L00100122,REPEATED_FAILED_ACCESS,high,Repeated failed access attempts were observed for a sensitive resource.
43340165-5522-4948-9e3a-ffe8bf8c414b,access_log,L00100123,REPEATED_FAILED_ACCESS,high,Repeated failed access attempts were observed for a sensitive resource.
edd4128e-b6d6-4b46-a5ac-ea9df6a200ed,access_log,L00100124,REPEATED_FAILED_ACCESS,high,Repeated failed access attempts were observed for a sensitive resource.
f5d86231-7360-4fd9-b39f-0b5c26491793,access_log,L00100125,REPEATED_FAILED_ACCESS,high,Repeated failed access attempts were observed for a sensitive resource.
2affd35a-8a19-40fd-9ebc-5f5c5ebb876f,access_log,L00100126,REPEATED_FAILED_ACCESS,high,Repeated failed access attempts were observed for a sensitive resource.
84d8930f-3e95-48b4-925d-eb016f689d52,access_log,L00100127,REPEATED_FAILED_ACCESS,high,Repeated failed access attempts were observed for a sensitive resource.
5b70bb97-c31b-4a52-a361-9d9d1d760e1b,access_log,L00100128,REPEATED_FAILED_ACCESS,high,Repeated failed access attempts were observed for a sensitive resource.
42307207-462c-46f1-86f4-b257bb5e6468,access_log,L00100129,REPEATED_FAILED_ACCESS,high,Repeated failed access attempts were observed for a sensitive resource.
fec3de8f-712f-4303-97de-aaed3cc8d0ff,access_log,L00100130,REPEATED_FAILED_ACCESS,high,Repeated failed access attempts were observed for a sensitive resource.
5a3c9848-fee9-49c2-a51b-bf2e4fb7d999,access_log,L00100131,REPEATED_FAILED_ACCESS,high,Repeated failed access attempts were observed for a sensitive resource.
81f2abfe-06dc-492f-ac8b-9eb6f460d86e,access_log,L00100132,REPEATED_FAILED_ACCESS,high,Repeated failed access attempts were observed for a sensitive resource.
f22f0fcf-a24c-4f41-a15d-220ed5dbc766,access_log,L00100133,REPEATED_FAILED_ACCESS,high,Repeated failed access attempts were observed for a sensitive resource.
8d20114d-c786-481b-be59-d8fcd7783535,access_log,L00100134,REPEATED_FAILED_ACCESS,high,Repeated failed access attempts were observed for a sensitive resource.
8cef8ab4-9eec-4855-b175-5724711b452d,access_log,L00100135,REPEATED_FAILED_ACCESS,high,Repeated failed access attempts were observed for a sensitive resource.
54afda55-271d-47ef-b5ea-751819b3c20c,access_log,L00100136,REPEATED_FAILED_ACCESS,high,Repeated failed access attempts were observed for a sensitive resource.
3239981c-bd40-4fcf-80fd-9ff63eb80834,access_log,L00100137,REPEATED_FAILED_ACCESS,high,Repeated failed access attempts were observed for a sensitive resource.
536befd5-b2e4-47d4-8fdf-0e2a85526cf7,access_log,L00100138,REPEATED_FAILED_ACCESS,high,Repeated failed access attempts were observed for a sensitive resource.
ad4e67a2-74a8-4c14-a600-530a9f082e34,access_log,L00100139,REPEATED_FAILED_ACCESS,high,Repeated failed access attempts were observed for a sensitive resource.
73959acb-58f0-4847-8f9f-de1d448e071e,access_log,L00100140,REPEATED_FAILED_ACCESS,high,Repeated failed access attempts were observed for a sensitive resource.
ae12db67-dd03-4367-976f-f01ad8b7d75f,access_log,L00100141,REPEATED_FAILED_ACCESS,high,Repeated failed access attempts were observed for a sensitive resource.
8220b4a8-f7ab-4cbb-86d1-bb425ab01970,access_log,L00100142,REPEATED_FAILED_ACCESS,high,Repeated failed access attempts were observed for a sensitive resource.
9f3a9c06-a0ca-4f99-9d46-09473ab10fc9,access_log,L00100143,REPEATED_FAILED_ACCESS,high,Repeated failed access attempts were observed for a sensitive resource.
aedb4af7-eb66-4c08-a364-2f6dae1f4acc,access_log,L00100144,REPEATED_FAILED_ACCESS,high,Repeated failed access attempts were observed for a sensitive resource.
63afdcf5-fb57-4a95-a126-23b9fc9745eb,access_log,L00100145,REPEATED_FAILED_ACCESS,high,Repeated failed access attempts were observed for a sensitive resource.
785f5857-b355-43e2-ae42-da5f6810f9e3,access_log,L00100146,REPEATED_FAILED_ACCESS,high,Repeated failed access attempts were observed for a sensitive resource.
665f92c9-b527-4458-9fc8-2d5429ecea9f,access_log,L00100147,REPEATED_FAILED_ACCESS,high,Repeated failed access attempts were observed for a sensitive resource.
32cde48b-9730-4b3b-9aab-7187d58893ad,access_log,L00100148,REPEATED_FAILED_ACCESS,high,Repeated failed access attempts were observed for a sensitive resource.
92acc9e2-0b17-447d-b4c8-c18d650a88b6,access_log,L00100149,REPEATED_FAILED_ACCESS,high,Repeated failed access attempts were observed for a sensitive resource.
340609cf-825f-4c15-9110-655fb4585918,access_log,L00100150,REPEATED_FAILED_ACCESS,high,Repeated failed access attempts were observed for a sensitive resource.
49188cf3-4340-461b-9bd4-f5126f60a36a,access_log,L00100151,REPEATED_FAILED_ACCESS,high,Repeated failed access attempts were observed for a sensitive resource.
e0234638-1cdc-44c0-adca-4aa0e7906414,access_log,L00100152,REPEATED_FAILED_ACCESS,high,Repeated failed access attempts were observed for a sensitive resource.
c9db24de-b3c0-418d-8aba-91a480e49a14,access_log,L00100153,REPEATED_FAILED_ACCESS,high,Repeated failed access attempts were observed for a sensitive resource.
9320b1e4-344f-4e2a-8da8-03cba9a86c05,access_log,L00100154,REPEATED_FAILED_ACCESS,high,Repeated failed access attempts were observed for a sensitive resource.
3e4c9fbb-578e-4e6c-9bc4-b4c4aa37ff9c,access_log,L00100155,REPEATED_FAILED_ACCESS,high,Repeated failed access attempts were observed for a sensitive resource.
b462c798-8c46-4197-bfa4-2a5da2bb7a53,access_log,L00100156,REPEATED_FAILED_ACCESS,high,Repeated failed access attempts were observed for a sensitive resource.
46e3cbcb-daf4-4e26-80cd-b16f0630533d,access_log,L00100157,REPEATED_FAILED_ACCESS,high,Repeated failed access attempts were observed for a sensitive resource.
5a53df56-168c-45ce-b623-8e42530f3ecb,access_log,L00100158,REPEATED_FAILED_ACCESS,high,Repeated failed access attempts were observed for a sensitive resource.
8860f412-1833-4259-a648-4033896d8835,access_log,L00100159,REPEATED_FAILED_ACCESS,high,Repeated failed access attempts were observed for a sensitive resource.
f0f00dd6-3894-42e3-9e7c-74a0fe98c0c6,access_log,L00100160,REPEATED_FAILED_ACCESS,high,Repeated failed access attempts were observed for a sensitive resource.
70a1d740-fb50-40c0-9f00-ae677f1e8ac0,access_log,L00100161,REPEATED_FAILED_ACCESS,high,Repeated failed access attempts were observed for a sensitive resource.
a2c23545-b65b-463a-b838-68cab9c1fb02,access_log,L00100162,REPEATED_FAILED_ACCESS,high,Repeated failed access attempts were observed for a sensitive resource.
daa02e91-8b24-4e56-b971-4883743659b7,access_log,L00100163,REPEATED_FAILED_ACCESS,high,Repeated failed access attempts were observed for a sensitive resource.
aa5369fd-04d8-4296-a2e1-2f77cdcc7c1d,access_log,L00100164,REPEATED_FAILED_ACCESS,high,Repeated failed access attempts were observed for a sensitive resource.
75c8d3c9-7447-4c2f-a875-8292e667fa90,access_log,L00100165,REPEATED_FAILED_ACCESS,high,Repeated failed access attempts were observed for a sensitive resource.
8d1e668b-e79b-4f0a-8e9d-35ee79b3e25e,access_log,L00100166,REPEATED_FAILED_ACCESS,high,Repeated failed access attempts were observed for a sensitive resource.
ed22bb51-6b41-4a28-b648-94b2d4825b98,access_log,L00100167,REPEATED_FAILED_ACCESS,high,Repeated failed access attempts were observed for a sensitive resource.
ae0f39b1-8cb6-42ac-a3e8-b900f0be352f,access_log,L00100168,REPEATED_FAILED_ACCESS,high,Repeated failed access attempts were observed for a sensitive resource.
f963c59f-b246-48e1-9b17-9c778fc299e4,access_log,L00100169,REPEATED_FAILED_ACCESS,high,Repeated failed access attempts were observed for a sensitive resource.
49fcdc85-9ad8-4f11-9299-98b2f4a916e8,access_log,L00100170,REPEATED_FAILED_ACCESS,high,Repeated failed access attempts were observed for a sensitive resource.
4e86a89c-2d39-45d9-90e0-0989259a5dc7,access_log,L00100171,REPEATED_FAILED_ACCESS,high,Repeated failed access attempts were observed for a sensitive resource.
94c4fa20-d622-45e1-aedf-a2aee323f0fa,access_log,L00100172,REPEATED_FAILED_ACCESS,high,Repeated failed access attempts were observed for a sensitive resource.
561da04b-80f3-4cb1-b61b-847d9c064e09,access_log,L00100173,REPEATED_FAILED_ACCESS,high,Repeated failed access attempts were observed for a sensitive resource.
35a8bdb3-391f-49e9-b922-6ece3524b6d8,access_log,L00100174,REPEATED_FAILED_ACCESS,high,Repeated failed access attempts were observed for a sensitive resource.
700ff413-29f4-4189-9a39-6a88c3d117e0,access_log,L00100175,REPEATED_FAILED_ACCESS,high,Repeated failed access attempts were observed for a sensitive resource.
25c23dc7-ddfc-4dee-a454-27551b659182,access_log,L00100176,REPEATED_FAILED_ACCESS,high,Repeated failed access attempts were observed for a sensitive resource.
96db9ccd-6d2b-4696-915b-aa9c5f4c0ca9,access_log,L00100177,REPEATED_FAILED_ACCESS,high,Repeated failed access attempts were observed for a sensitive resource.
3c691b02-c063-4c50-97fc-9aa888ff85c1,access_log,L00100178,REPEATED_FAILED_ACCESS,high,Repeated failed access attempts were observed for a sensitive resource.
980de9dc-7b66-4e64-a4fc-990e5caa2f9a,access_log,L00100179,REPEATED_FAILED_ACCESS,high,Repeated failed access attempts were observed for a sensitive resource.
7fea2e0f-97db-45be-9f22-7d00b26b40b6,access_log,L00100180,REPEATED_FAILED_ACCESS,high,Repeated failed access attempts were observed for a sensitive resource.
7eb76a9f-6730-4ac3-b467-1190ca7394c7,access_log,L00100181,REPEATED_FAILED_ACCESS,high,Repeated failed access attempts were observed for a sensitive resource.
b68a0623-1d50-4d0e-904d-22f441eded71,access_log,L00100182,REPEATED_FAILED_ACCESS,high,Repeated failed access attempts were observed for a sensitive resource.
87799fdd-522d-445a-adcf-ef15621f0572,access_log,L00100183,REPEATED_FAILED_ACCESS,high,Repeated failed access attempts were observed for a sensitive resource.
71ef8241-a0fe-4d88-9d36-d238c654d4d0,access_log,L00100184,REPEATED_FAILED_ACCESS,high,Repeated failed access attempts were observed for a sensitive resource.
e9f44889-9d09-4982-8ab8-ad5c1fd495b9,access_log,L00100185,REPEATED_FAILED_ACCESS,high,Repeated failed access attempts were observed for a sensitive resource.
1acc2099-459a-4acb-a25a-3db400b7c90f,access_log,L00100186,REPEATED_FAILED_ACCESS,high,Repeated failed access attempts were observed for a sensitive resource.
a3fd8e79-809a-4e23-82c9-3e0da39ab088,access_log,L00100187,REPEATED_FAILED_ACCESS,high,Repeated failed access attempts were observed for a sensitive resource.
09a38e66-82ed-4fb8-b3f5-a5e7e68c467b,access_log,L00100188,REPEATED_FAILED_ACCESS,high,Repeated failed access attempts were observed for a sensitive resource.
d95273cf-b0d6-434e-aae4-8ea346fba759,access_log,L00100189,REPEATED_FAILED_ACCESS,high,Repeated failed access attempts were observed for a sensitive resource.
63295797-e8f6-4183-9f82-80aff7ff232e,access_log,L00100190,REPEATED_FAILED_ACCESS,high,Repeated failed access attempts were observed for a sensitive resource.
90035a10-a092-4d7b-ab12-ecfe07d29f9d,access_log,L00100191,REPEATED_FAILED_ACCESS,high,Repeated failed access attempts were observed for a sensitive resource.
228df634-3d14-4fd0-993c-9dc08751651b,access_log,L00100192,REPEATED_FAILED_ACCESS,high,Repeated failed access attempts were observed for a sensitive resource.
8bfc9155-9498-4387-b2a8-73685b1e0c7c,access_log,L00100193,REPEATED_FAILED_ACCESS,high,Repeated failed access attempts were observed for a sensitive resource.
8cb68fce-0b5d-47d4-b918-5ca44026abcc,access_log,L00100194,REPEATED_FAILED_ACCESS,high,Repeated failed access attempts were observed for a sensitive resource.
9500bcd6-468b-401a-be54-689cf55bd737,access_log,L00100195,REPEATED_FAILED_ACCESS,high,Repeated failed access attempts were observed for a sensitive resource.
b6f9901c-f0c5-4d48-bb58-f0aee0fb349f,access_log,L00100196,REPEATED_FAILED_ACCESS,high,Repeated failed access attempts were observed for a sensitive resource.
c1212882-2f36-46a2-a03d-908298ddeabc,access_log,L00100197,REPEATED_FAILED_ACCESS,high,Repeated failed access attempts were observed for a sensitive resource.
864f1872-1d2f-44e4-81eb-2257f7c2b12e,access_log,L00100198,REPEATED_FAILED_ACCESS,high,Repeated failed access attempts were observed for a sensitive resource.
e35baa9a-d892-4d0e-9f26-e528184fa7c6,access_log,L00100199,REPEATED_FAILED_ACCESS,high,Repeated failed access attempts were observed for a sensitive resource.
7a47809a-5aec-4563-bf37-157d880a2f41,access_log,L00100200,REPEATED_FAILED_ACCESS,high,Repeated failed access attempts were observed for a sensitive resource.
3fc36555-2d0f-4c3b-9ca5-19175a087bd8,access_log,L00100201,REPEATED_FAILED_ACCESS,high,Repeated failed access attempts were observed for a sensitive resource.
af304654-5e60-4408-878b-30373fa4f1e4,access_log,L00100202,REPEATED_FAILED_ACCESS,high,Repeated failed access attempts were observed for a sensitive resource.
4d841263-880c-4ec2-93c4-7bcf8e30a924,access_log,L00100203,REPEATED_FAILED_ACCESS,high,Repeated failed access attempts were observed for a sensitive resource.
44a4a7e9-a8db-4d1f-9d30-8ea8e053fbaa,access_log,L00100204,REPEATED_FAILED_ACCESS,high,Repeated failed access attempts were observed for a sensitive resource.
df6c0b4e-5c4d-4da0-b1f2-53adbdc19b9b,access_log,L00100205,REPEATED_FAILED_ACCESS,high,Repeated failed access attempts were observed for a sensitive resource.
f512dfae-2c5c-42ec-bbc9-23876e847ecc,access_log,L00100206,REPEATED_FAILED_ACCESS,high,Repeated failed access attempts were observed for a sensitive resource.
f3ba830e-a876-41d5-9c7c-342a8a36d64e,access_log,L00100207,REPEATED_FAILED_ACCESS,high,Repeated failed access attempts were observed for a sensitive resource.
e6fe80fd-6ff5-40e0-bddb-23a0c436e8dc,access_log,L00100208,REPEATED_FAILED_ACCESS,high,Repeated failed access attempts were observed for a sensitive resource.
0e56256b-6de2-4876-9b84-e78668c36729,access_log,L00100209,REPEATED_FAILED_ACCESS,high,Repeated failed access attempts were observed for a sensitive resource.
88dfdd90-3e6f-4f77-82ce-8e5764f7b86c,access_log,L00100210,REPEATED_FAILED_ACCESS,high,Repeated failed access attempts were observed for a sensitive resource.
defea1e6-e049-4269-b75b-00147245a961,access_log,L00100211,REPEATED_FAILED_ACCESS,high,Repeated failed access attempts were observed for a sensitive resource.
96e7fc6b-4834-4703-855e-492207c749fa,access_log,L00100212,REPEATED_FAILED_ACCESS,high,Repeated failed access attempts were observed for a sensitive resource.
5b6f4c62-aa55-4823-aa08-d9835b563267,access_log,L00100213,REPEATED_FAILED_ACCESS,high,Repeated failed access attempts were observed for a sensitive resource.
e59f39d6-2a6b-49b3-a390-aeaf277afe46,access_log,L00100214,REPEATED_FAILED_ACCESS,high,Repeated failed access attempts were observed for a sensitive resource.
c5ee04e6-e014-40ba-adef-31cdd1d3aa7a,access_log,L00100215,REPEATED_FAILED_ACCESS,high,Repeated failed access attempts were observed for a sensitive resource.
d935b160-b17a-42e4-a2a4-e52cf011f466,access_log,L00100216,REPEATED_FAILED_ACCESS,high,Repeated failed access attempts were observed for a sensitive resource.
55fbe0d5-0fde-4ead-81c2-74f1c1ebd675,access_log,L00100217,REPEATED_FAILED_ACCESS,high,Repeated failed access attempts were observed for a sensitive resource.
2555464b-ae9d-4f58-a030-1528c956fef4,access_log,L00100218,REPEATED_FAILED_ACCESS,high,Repeated failed access attempts were observed for a sensitive resource.
61eaf320-f61f-4c80-bfee-f77f78af9d97,access_log,L00100219,REPEATED_FAILED_ACCESS,high,Repeated failed access attempts were observed for a sensitive resource.
1badb355-f778-4e60-9f8c-896df4713cfa,access_log,L00100220,REPEATED_FAILED_ACCESS,high,Repeated failed access attempts were observed for a sensitive resource.
d462a94b-8afb-49f0-b094-c654a1bd7804,access_log,L00100221,REPEATED_FAILED_ACCESS,high,Repeated failed access attempts were observed for a sensitive resource.
42e87b9e-9ec3-4ff0-8fd5-53e3bf0efaf4,access_log,L00100222,REPEATED_FAILED_ACCESS,high,Repeated failed access attempts were observed for a sensitive resource.
3f4f8460-b099-495d-8fcb-67e3fe37ca30,access_log,L00100223,REPEATED_FAILED_ACCESS,high,Repeated failed access attempts were observed for a sensitive resource.
a9fcc7ff-9382-4511-983a-39a3c051ae2a,access_log,L00100224,REPEATED_FAILED_ACCESS,high,Repeated failed access attempts were observed for a sensitive resource.
df6e77e3-0252-4aae-a8ee-e9130ef2ae42,access_log,L00100225,REPEATED_FAILED_ACCESS,high,Repeated failed access attempts were observed for a sensitive resource.
19973410-3a29-4a5c-8dc2-e40d0e19ba5c,access_log,L00100226,REPEATED_FAILED_ACCESS,high,Repeated failed access attempts were observed for a sensitive resource.
ed339794-caa5-476d-b607-d181ba76ff99,access_log,L00100227,REPEATED_FAILED_ACCESS,high,Repeated failed access attempts were observed for a sensitive resource.
c406ca98-c98e-4ae1-9ba2-1f26c689cae2,access_log,L00100228,REPEATED_FAILED_ACCESS,high,Repeated failed access attempts were observed for a sensitive resource.
e55b83c6-4eca-46fd-8815-a9a6cc598862,access_log,L00100229,REPEATED_FAILED_ACCESS,high,Repeated failed access attempts were observed for a sensitive resource.
a2eb7f2c-63a8-48d4-a80e-4c82070780ac,access_log,L00100230,REPEATED_FAILED_ACCESS,high,Repeated failed access attempts were observed for a sensitive resource.
3429d064-e025-4b73-88de-a4e52e5a2026,access_log,L00100231,REPEATED_FAILED_ACCESS,high,Repeated failed access attempts were observed for a sensitive resource.
1f742e66-6113-4fdb-99e5-ca77b76ac454,access_log,L00100232,REPEATED_FAILED_ACCESS,high,Repeated failed access attempts were observed for a sensitive resource.
6da24683-35a8-4e29-b426-183696b57709,access_log,L00100233,REPEATED_FAILED_ACCESS,high,Repeated failed access attempts were observed for a sensitive resource.
3bcb43d6-f72b-49df-b897-10ac79053fa9,access_log,L00100234,REPEATED_FAILED_ACCESS,high,Repeated failed access attempts were observed for a sensitive resource.
4993f8c6-87b7-425b-b635-f549008c83b5,access_log,L00100235,REPEATED_FAILED_ACCESS,high,Repeated failed access attempts were observed for a sensitive resource.
9a11c39e-b23c-45f1-b36d-1ba01fbbc84e,access_log,L00100236,REPEATED_FAILED_ACCESS,high,Repeated failed access attempts were observed for a sensitive resource.
63fbb519-d477-497f-9841-ac6c0638c973,access_log,L00100237,REPEATED_FAILED_ACCESS,high,Repeated failed access attempts were observed for a sensitive resource.
718eb3dc-7cef-4a9b-850e-7c42b3756129,access_log,L00100238,REPEATED_FAILED_ACCESS,high,Repeated failed access attempts were observed for a sensitive resource.
5a10cb25-1055-4e88-84cc-c4dcc35fd164,access_log,L00100239,REPEATED_FAILED_ACCESS,high,Repeated failed access attempts were observed for a sensitive resource.
fb8cb9fc-df93-4d32-8838-472a3b150602,access_log,L00100240,REPEATED_FAILED_ACCESS,high,Repeated failed access attempts were observed for a sensitive resource.
f4548f72-64c0-4d72-abf0-fb12e34e93db,access_log,L00100241,REPEATED_FAILED_ACCESS,high,Repeated failed access attempts were observed for a sensitive resource.
d443d030-4771-40d0-a170-d93c5576ec61,access_log,L00100242,REPEATED_FAILED_ACCESS,high,Repeated failed access attempts were observed for a sensitive resource.
3a75543e-f710-48a7-ae68-4120df839834,access_log,L00100243,REPEATED_FAILED_ACCESS,high,Repeated failed access attempts were observed for a sensitive resource.
38b253b9-7bd4-4b8f-80f4-d78f39d9dab9,access_log,L00100244,REPEATED_FAILED_ACCESS,high,Repeated failed access attempts were observed for a sensitive resource.
07e02e6e-6945-4ea6-b8ef-2a53b0eebae5,access_log,L00100245,REPEATED_FAILED_ACCESS,high,Repeated failed access attempts were observed for a sensitive resource.
0aa77cd6-5d82-4532-b658-9c610056b6c7,access_log,L00100246,REPEATED_FAILED_ACCESS,high,Repeated failed access attempts were observed for a sensitive resource.
f0c14077-c71f-4541-953a-1dabe19eb40e,access_log,L00100247,REPEATED_FAILED_ACCESS,high,Repeated failed access attempts were observed for a sensitive resource.
3833b8b1-35f7-4406-9ad3-52f51d96b789,access_log,L00100248,REPEATED_FAILED_ACCESS,high,Repeated failed access attempts were observed for a sensitive resource.
0f9d4e0f-46aa-41a7-aef7-c949b85dc6d7,access_log,L00100249,REPEATED_FAILED_ACCESS,high,Repeated failed access attempts were observed for a sensitive resource.
8fc04fa6-c69a-4a8e-8189-a9157d9c09da,access_log,L00100250,REPEATED_FAILED_ACCESS,high,Repeated failed access attempts were observed for a sensitive resource.
735da286-d2ba-4450-b2c9-8a76a3875128,access_log,L00100251,REPEATED_FAILED_ACCESS,high,Repeated failed access attempts were observed for a sensitive resource.
83b102a6-6a4e-48a1-bdfd-7967588d9632,access_log,L00100252,REPEATED_FAILED_ACCESS,high,Repeated failed access attempts were observed for a sensitive resource.
a1b35654-6535-4832-ae10-53c9eb91f52b,access_log,L00100253,REPEATED_FAILED_ACCESS,high,Repeated failed access attempts were observed for a sensitive resource.
57f526d1-5d7e-48cb-ab4f-3184064400f3,access_log,L00100254,REPEATED_FAILED_ACCESS,high,Repeated failed access attempts were observed for a sensitive resource.
9dd597fb-bc45-453e-b6cd-96f6d6e29795,access_log,L00100255,REPEATED_FAILED_ACCESS,high,Repeated failed access attempts were observed for a sensitive resource.
9ebcf0e5-5486-4da3-a585-6a740c9222c9,access_log,L00100256,REPEATED_FAILED_ACCESS,high,Repeated failed access attempts were observed for a sensitive resource.
45f50cc2-8d20-46e1-a28f-841815c214a9,access_log,L00100257,REPEATED_FAILED_ACCESS,high,Repeated failed access attempts were observed for a sensitive resource.
c20ef9b3-3cea-4667-99a3-5d98c0859a76,access_log,L00100258,REPEATED_FAILED_ACCESS,high,Repeated failed access attempts were observed for a sensitive resource.
bddf0c12-5c4e-49a9-9dbc-ad16eedb1d3d,access_log,L00100259,REPEATED_FAILED_ACCESS,high,Repeated failed access attempts were observed for a sensitive resource.
14c0e0bf-ad75-481c-8249-393e63ee6882,access_log,L00100260,REPEATED_FAILED_ACCESS,high,Repeated failed access attempts were observed for a sensitive resource.
3d038d39-7c57-4292-ba8d-575adcf1b05f,access_log,L00100261,REPEATED_FAILED_ACCESS,high,Repeated failed access attempts were observed for a sensitive resource.
d71a8e15-1106-4350-925b-fadd8f54fd91,access_log,L00100262,REPEATED_FAILED_ACCESS,high,Repeated failed access attempts were observed for a sensitive resource.
8f9e88e7-88eb-4010-b56c-0603cb5e25a9,access_log,L00100263,REPEATED_FAILED_ACCESS,high,Repeated failed access attempts were observed for a sensitive resource.
0fc1932a-2c93-4820-837e-63ecbb97568e,access_log,L00100264,REPEATED_FAILED_ACCESS,high,Repeated failed access attempts were observed for a sensitive resource.
c22364a1-a128-46a5-a9b3-7d2053da4233,access_log,L00100265,REPEATED_FAILED_ACCESS,high,Repeated failed access attempts were observed for a sensitive resource.
09f6680f-c044-4a84-befd-ed5c51f02a54,access_log,L00100266,REPEATED_FAILED_ACCESS,high,Repeated failed access attempts were observed for a sensitive resource.
90fa7643-7793-448c-adb4-681d52bce068,access_log,L00100267,REPEATED_FAILED_ACCESS,high,Repeated failed access attempts were observed for a sensitive resource.
83c78bda-b78d-4a38-8a70-b05983657a7b,access_log,L00100268,REPEATED_FAILED_ACCESS,high,Repeated failed access attempts were observed for a sensitive resource.
30d25314-4002-41f2-a070-7361d442ac0d,access_log,L00100269,REPEATED_FAILED_ACCESS,high,Repeated failed access attempts were observed for a sensitive resource.
7ccbe7a5-5613-426f-929b-7b611a2e3197,access_log,L00100270,REPEATED_FAILED_ACCESS,high,Repeated failed access attempts were observed for a sensitive resource.
e72d329f-ca91-4822-8d9b-6bcb9581f7e7,access_log,L00100271,REPEATED_FAILED_ACCESS,high,Repeated failed access attempts were observed for a sensitive resource.
eee8da0e-5948-4f1c-a7ff-410ecbdc5b17,access_log,L00100272,REPEATED_FAILED_ACCESS,high,Repeated failed access attempts were observed for a sensitive resource.
6f52f2a3-1568-485a-b11c-79d9bca9c675,access_log,L00100273,REPEATED_FAILED_ACCESS,high,Repeated failed access attempts were observed for a sensitive resource.
865293d7-02b8-489f-b5bf-811e5c2328d6,access_log,L00100274,REPEATED_FAILED_ACCESS,high,Repeated failed access attempts were observed for a sensitive resource.
43241ffe-1465-4090-a1b2-1aeb9e12776a,access_log,L00100275,REPEATED_FAILED_ACCESS,high,Repeated failed access attempts were observed for a sensitive resource.
4e5754b4-aabd-42fb-9c04-84ce604b49f7,access_log,L00100276,REPEATED_FAILED_ACCESS,high,Repeated failed access attempts were observed for a sensitive resource.
c5486210-c29c-4506-b5bf-38d366fa2223,access_log,L00100277,REPEATED_FAILED_ACCESS,high,Repeated failed access attempts were observed for a sensitive resource.
f6002f3e-059c-4d58-a94b-747c0bfcc32e,access_log,L00100278,REPEATED_FAILED_ACCESS,high,Repeated failed access attempts were observed for a sensitive resource.
8bd11b00-556d-433f-85dc-8cfe82584a97,access_log,L00100279,REPEATED_FAILED_ACCESS,high,Repeated failed access attempts were observed for a sensitive resource.
8c7aea0f-012b-4e7f-bb28-a68bdf14c668,access_log,L00100280,REPEATED_FAILED_ACCESS,high,Repeated failed access attempts were observed for a sensitive resource.
43647015-46f6-42a8-ac99-0df396dc4a75,access_log,L00100281,REPEATED_FAILED_ACCESS,high,Repeated failed access attempts were observed for a sensitive resource.
2bfbd723-e7ba-4bf9-82c1-165b60a61385,access_log,L00100282,REPEATED_FAILED_ACCESS,high,Repeated failed access attempts were observed for a sensitive resource.
889b6c12-7ddf-4fe1-97ed-c23eaa96709d,access_log,L00100283,REPEATED_FAILED_ACCESS,high,Repeated failed access attempts were observed for a sensitive resource.
a307702e-d003-432d-b1ae-2e5ecc20b6ca,access_log,L00100284,REPEATED_FAILED_ACCESS,high,Repeated failed access attempts were observed for a sensitive resource.
fc8b320d-5383-4059-b8c5-ee24963ed218,access_log,L00100285,REPEATED_FAILED_ACCESS,high,Repeated failed access attempts were observed for a sensitive resource.
ed25a4c4-d8c1-47e2-9c50-8077b1b4a081,access_log,L00100286,REPEATED_FAILED_ACCESS,high,Repeated failed access attempts were observed for a sensitive resource.
0da0dabf-e97b-4f78-a719-488bed2881cf,access_log,L00100287,REPEATED_FAILED_ACCESS,high,Repeated failed access attempts were observed for a sensitive resource.
63ee555d-d8c5-4411-b9c3-244ca5e70ea0,access_log,L00100288,REPEATED_FAILED_ACCESS,high,Repeated failed access attempts were observed for a sensitive resource.
7a7c40c3-3ad3-4c31-b9b9-c001f8eb096e,access_log,L00100289,REPEATED_FAILED_ACCESS,high,Repeated failed access attempts were observed for a sensitive resource.
5094d46f-854e-4c4a-9acc-3bf68d97e679,access_log,L00100290,REPEATED_FAILED_ACCESS,high,Repeated failed access attempts were observed for a sensitive resource.
a0e8b35d-cb7e-41d6-a954-3fb3416e7922,access_log,L00100291,REPEATED_FAILED_ACCESS,high,Repeated failed access attempts were observed for a sensitive resource.
e8568b43-ebf5-478e-859d-e1f9e4e762fb,access_log,L00100292,REPEATED_FAILED_ACCESS,high,Repeated failed access attempts were observed for a sensitive resource.
be9e3ee8-ffac-4803-99d0-77d73719085b,access_log,L00100293,REPEATED_FAILED_ACCESS,high,Repeated failed access attempts were observed for a sensitive resource.
bfcbb3b1-632e-444e-a639-5168ebc8df78,access_log,L00100294,REPEATED_FAILED_ACCESS,high,Repeated failed access attempts were observed for a sensitive resource.
3a63fb67-fb77-4e01-ad3d-a6b00aa5cbcd,access_log,L00100295,REPEATED_FAILED_ACCESS,high,Repeated failed access attempts were observed for a sensitive resource.
62f02251-ec5a-4c01-ac98-f8c62c438d2c,access_log,L00100296,REPEATED_FAILED_ACCESS,high,Repeated failed access attempts were observed for a sensitive resource.
b696ec22-83b6-417c-8540-a6d1b85adedd,access_log,L00100297,REPEATED_FAILED_ACCESS,high,Repeated failed access attempts were observed for a sensitive resource.
5dc3f29b-023c-4643-a7e8-5ea4cdefb863,access_log,L00100298,REPEATED_FAILED_ACCESS,high,Repeated failed access attempts were observed for a sensitive resource.
f0291ad9-2d3b-4b8e-8ba6-b8c8dc7b803a,access_log,L00100299,REPEATED_FAILED_ACCESS,high,Repeated failed access attempts were observed for a sensitive resource.
76b45533-23d7-4cbe-a409-7845ed2a01c4,access_log,L00100300,REPEATED_FAILED_ACCESS,high,Repeated failed access attempts were observed for a sensitive resource.
682464ad-8921-4adc-b4d1-d5e9c9604014,access_log,L00100301,REPEATED_FAILED_ACCESS,high,Repeated failed access attempts were observed for a sensitive resource.
f1d16808-0468-47c4-bbd4-4c265f8c5e51,access_log,L00100302,REPEATED_FAILED_ACCESS,high,Repeated failed access attempts were observed for a sensitive resource.
85e443dd-0333-4637-bf2e-a6706834d2b1,access_log,L00100303,REPEATED_FAILED_ACCESS,high,Repeated failed access attempts were observed for a sensitive resource.
2f240636-2dbf-44be-96a1-9df938a21a81,access_log,L00100304,REPEATED_FAILED_ACCESS,high,Repeated failed access attempts were observed for a sensitive resource.
414439bb-e5de-4d00-a01d-cf4e55753c05,access_log,L00100305,REPEATED_FAILED_ACCESS,high,Repeated failed access attempts were observed for a sensitive resource.
842a4cb7-ef10-4e74-ad8e-2a91e8116746,access_log,L00100306,REPEATED_FAILED_ACCESS,high,Repeated failed access attempts were observed for a sensitive resource.
3b0823fd-4615-4557-98c9-82b8e4891405,access_log,L00100307,REPEATED_FAILED_ACCESS,high,Repeated failed access attempts were observed for a sensitive resource.
0b7f40a3-92d1-4b4c-8425-8db5a2093a8c,access_log,L00100308,REPEATED_FAILED_ACCESS,high,Repeated failed access attempts were observed for a sensitive resource.
8c7be6fd-da1d-4e7f-af67-24f09b8f51db,access_log,L00100309,REPEATED_FAILED_ACCESS,high,Repeated failed access attempts were observed for a sensitive resource.
c78c5149-4404-4697-8b2a-78b21fa40424,access_log,L00100310,REPEATED_FAILED_ACCESS,high,Repeated failed access attempts were observed for a sensitive resource.
39ce193e-e8a3-4e30-a024-7acb6a588209,access_log,L00100311,REPEATED_FAILED_ACCESS,high,Repeated failed access attempts were observed for a sensitive resource.
30541b1a-7c05-4b70-a694-b95898268b47,access_log,L00100312,REPEATED_FAILED_ACCESS,high,Repeated failed access attempts were observed for a sensitive resource.
e915ca5e-fc26-4fee-b9cb-7cb13befbefd,access_log,L00100313,REPEATED_FAILED_ACCESS,high,Repeated failed access attempts were observed for a sensitive resource.
e054ef91-8b32-4c44-bae9-58d9b6b52ced,access_log,L00100314,REPEATED_FAILED_ACCESS,high,Repeated failed access attempts were observed for a sensitive resource.
ff1dad58-4716-4979-9146-7b032b07a08c,access_log,L00100315,REPEATED_FAILED_ACCESS,high,Repeated failed access attempts were observed for a sensitive resource.
d8453833-da03-48e4-80a5-f13a4fc1df68,access_log,L00100316,REPEATED_FAILED_ACCESS,high,Repeated failed access attempts were observed for a sensitive resource.
15afaad2-5c9a-41cf-8915-d2b9bffbf701,access_log,L00100317,REPEATED_FAILED_ACCESS,high,Repeated failed access attempts were observed for a sensitive resource.
d3698bbb-bda8-4264-b7d7-e7f3a675ef49,access_log,L00100318,REPEATED_FAILED_ACCESS,high,Repeated failed access attempts were observed for a sensitive resource.
30501a47-5335-4029-a9c1-1d55b0782750,access_log,L00100319,REPEATED_FAILED_ACCESS,high,Repeated failed access attempts were observed for a sensitive resource.
db74c485-e7b1-440c-8f2f-9c9b931c5313,access_log,L00100320,REPEATED_FAILED_ACCESS,high,Repeated failed access attempts were observed for a sensitive resource.
ae2778c4-2018-4104-b37d-952c43ed0032,access_log,L00100321,REPEATED_FAILED_ACCESS,high,Repeated failed access attempts were observed for a sensitive resource.
598fb7a5-b4a0-4169-aec4-434c115313c6,access_log,L00100322,REPEATED_FAILED_ACCESS,high,Repeated failed access attempts were observed for a sensitive resource.
ec28db62-6b39-4346-9775-172797c7aa16,access_log,L00100323,REPEATED_FAILED_ACCESS,high,Repeated failed access attempts were observed for a sensitive resource.
904cc593-7f19-4993-8b24-4143bcf867c1,access_log,L00100324,REPEATED_FAILED_ACCESS,high,Repeated failed access attempts were observed for a sensitive resource.
99674027-d136-482f-b760-d92eae70ab5b,access_log,L00100325,REPEATED_FAILED_ACCESS,high,Repeated failed access attempts were observed for a sensitive resource.
af9927a0-5b80-481f-86aa-8453720aff2b,access_log,L00100326,REPEATED_FAILED_ACCESS,high,Repeated failed access attempts were observed for a sensitive resource.
23533cd1-ee37-484b-bcbd-d0f194ea635d,access_log,L00100327,REPEATED_FAILED_ACCESS,high,Repeated failed access attempts were observed for a sensitive resource.
96784aca-7bca-4d16-89c4-98fd0a44594c,access_log,L00100328,REPEATED_FAILED_ACCESS,high,Repeated failed access attempts were observed for a sensitive resource.
9080a631-ce4b-49bd-8e87-e77c25489b3b,access_log,L00100329,REPEATED_FAILED_ACCESS,high,Repeated failed access attempts were observed for a sensitive resource.
8e4040a4-57cd-46a4-bbac-1c017cf2c3ae,access_log,L00100330,REPEATED_FAILED_ACCESS,high,Repeated failed access attempts were observed for a sensitive resource.
a8edb5bc-6ceb-472a-981b-d04e7d21ff07,access_log,L00100331,REPEATED_FAILED_ACCESS,high,Repeated failed access attempts were observed for a sensitive resource.
1074db67-7d5e-4033-97b0-9bc57b774041,access_log,L00100332,REPEATED_FAILED_ACCESS,high,Repeated failed access attempts were observed for a sensitive resource.
f23c9e35-c2de-40f9-918f-6b6989470137,access_log,L00100333,REPEATED_FAILED_ACCESS,high,Repeated failed access attempts were observed for a sensitive resource.
c48a8a75-4cbe-4e10-81d3-9181a1f01d98,access_log,L00100334,REPEATED_FAILED_ACCESS,high,Repeated failed access attempts were observed for a sensitive resource.
40835aad-991b-4e0e-b5e6-f9dec8014ad0,access_log,L00100335,REPEATED_FAILED_ACCESS,high,Repeated failed access attempts were observed for a sensitive resource.
86da8271-11a8-4a5e-b0a7-7686573e07f5,access_log,L00100336,REPEATED_FAILED_ACCESS,high,Repeated failed access attempts were observed for a sensitive resource.
de784208-d2a5-447d-83ba-8502cef85a00,access_log,L00100337,REPEATED_FAILED_ACCESS,high,Repeated failed access attempts were observed for a sensitive resource.
ad61ca36-444c-4f6f-9894-2378386ceb1d,access_log,L00100338,REPEATED_FAILED_ACCESS,high,Repeated failed access attempts were observed for a sensitive resource.
67420a3e-1456-40d9-b663-824dd23ef963,access_log,L00100339,REPEATED_FAILED_ACCESS,high,Repeated failed access attempts were observed for a sensitive resource.
91e8adba-2f54-416f-9791-ca43467d7c30,access_log,L00100340,REPEATED_FAILED_ACCESS,high,Repeated failed access attempts were observed for a sensitive resource.
74b2d0ff-df80-4ca8-97df-f3776411589d,access_log,L00100341,REPEATED_FAILED_ACCESS,high,Repeated failed access attempts were observed for a sensitive resource.
3ae5e8f8-829a-45af-b6e0-ef6fe81ce447,access_log,L00100342,REPEATED_FAILED_ACCESS,high,Repeated failed access attempts were observed for a sensitive resource.
398edcea-d58f-4668-901f-f3be42f9b12c,access_log,L00100343,REPEATED_FAILED_ACCESS,high,Repeated failed access attempts were observed for a sensitive resource.
15ecdb93-805f-4427-bca5-c89a8e4879be,access_log,L00100344,REPEATED_FAILED_ACCESS,high,Repeated failed access attempts were observed for a sensitive resource.
78bbb99c-999d-4b5e-8780-252153a29b43,access_log,L00100345,REPEATED_FAILED_ACCESS,high,Repeated failed access attempts were observed for a sensitive resource.
979803fb-d1e9-43a5-b1f1-3ff121a86575,access_log,L00100346,REPEATED_FAILED_ACCESS,high,Repeated failed access attempts were observed for a sensitive resource.
78e39892-1568-4b5f-8c64-845477bbb9d6,access_log,L00100347,REPEATED_FAILED_ACCESS,high,Repeated failed access attempts were observed for a sensitive resource.
4c2cdb80-0014-485c-9806-e1bf1bdaf771,access_log,L00100348,REPEATED_FAILED_ACCESS,high,Repeated failed access attempts were observed for a sensitive resource.
944542e7-ce66-41a9-87e2-c565f23a67b0,access_log,L00100349,REPEATED_FAILED_ACCESS,high,Repeated failed access attempts were observed for a sensitive resource.
24576261-e47d-40ca-9352-bddcfd260c7b,access_log,L00100350,REPEATED_FAILED_ACCESS,high,Repeated failed access attempts were observed for a sensitive resource.
8dc3e9fc-8d3f-4793-98ee-50ea47d3531e,access_log,L00100351,REPEATED_FAILED_ACCESS,high,Repeated failed access attempts were observed for a sensitive resource.
88778b53-ebc4-4e09-bd6f-cbbac7fe9bda,access_log,L00100352,REPEATED_FAILED_ACCESS,high,Repeated failed access attempts were observed for a sensitive resource.
6d048ef8-5633-41df-87f4-aff09bb53652,access_log,L00100353,REPEATED_FAILED_ACCESS,high,Repeated failed access attempts were observed for a sensitive resource.
402a9448-8f4d-46f6-9200-2b855315dc30,access_log,L00100354,REPEATED_FAILED_ACCESS,high,Repeated failed access attempts were observed for a sensitive resource.
2fc89f18-9a31-45f1-9329-3e1749bce709,access_log,L00100355,REPEATED_FAILED_ACCESS,high,Repeated failed access attempts were observed for a sensitive resource.
1caf0cf9-e3a3-43e7-9acd-96903fa06b7b,access_log,L00100356,REPEATED_FAILED_ACCESS,high,Repeated failed access attempts were observed for a sensitive resource.
680857a5-8b89-42ec-b2b9-b3e258fd96f9,access_log,L00100357,REPEATED_FAILED_ACCESS,high,Repeated failed access attempts were observed for a sensitive resource.
6888222e-e725-4611-b3f6-8677ae561db8,access_log,L00100358,REPEATED_FAILED_ACCESS,high,Repeated failed access attempts were observed for a sensitive resource.
8873ed3e-799e-4e52-b24c-a6d310876d91,access_log,L00100359,REPEATED_FAILED_ACCESS,high,Repeated failed access attempts were observed for a sensitive resource.
cb40c1ce-d0e8-41fd-8a4e-de3fb25613e1,access_log,L00100360,REPEATED_FAILED_ACCESS,high,Repeated failed access attempts were observed for a sensitive resource.
ccfc6b44-b61c-42be-b370-a3429ac71b33,access_log,L00100361,REPEATED_FAILED_ACCESS,high,Repeated failed access attempts were observed for a sensitive resource.
3c2624dc-5246-4e23-830d-cf870c0030cc,access_log,L00100362,REPEATED_FAILED_ACCESS,high,Repeated failed access attempts were observed for a sensitive resource.
ddce937e-3832-4b6f-bb65-5e61325729e7,access_log,L00100363,REPEATED_FAILED_ACCESS,high,Repeated failed access attempts were observed for a sensitive resource.
e04c147f-80ff-4f5c-8387-eb93b8b55ed0,access_log,L00100364,REPEATED_FAILED_ACCESS,high,Repeated failed access attempts were observed for a sensitive resource.
23cd13aa-93f3-4b89-b05d-97a2ed442502,access_log,L00100365,REPEATED_FAILED_ACCESS,high,Repeated failed access attempts were observed for a sensitive resource.
8be4f994-9e33-489d-aa9a-3e7d80ee0c03,access_log,L00100366,REPEATED_FAILED_ACCESS,high,Repeated failed access attempts were observed for a sensitive resource.
3efe7c74-7651-483f-93ea-5c81a9fb5fa0,access_log,L00100367,REPEATED_FAILED_ACCESS,high,Repeated failed access attempts were observed for a sensitive resource.
af8f9b85-08c7-45b9-96d5-2905b34727e3,access_log,L00100368,REPEATED_FAILED_ACCESS,high,Repeated failed access attempts were observed for a sensitive resource.
f0c9b31b-ccac-4913-a9e7-b34a0a9e341c,access_log,L00100369,REPEATED_FAILED_ACCESS,high,Repeated failed access attempts were observed for a sensitive resource.
a84febba-30e6-415c-acf6-0503891b9e96,access_log,L00100370,REPEATED_FAILED_ACCESS,high,Repeated failed access attempts were observed for a sensitive resource.
b8e25b8f-e767-4137-a3a1-4b396b0c37e3,access_log,L00100371,REPEATED_FAILED_ACCESS,high,Repeated failed access attempts were observed for a sensitive resource.
1ca0ec6c-7b4b-4d1d-8ea4-8283306788ee,access_log,L00100372,REPEATED_FAILED_ACCESS,high,Repeated failed access attempts were observed for a sensitive resource.
2cf0ee9d-e01e-48ad-bbfe-f9d48ffd5a56,access_log,L00100373,REPEATED_FAILED_ACCESS,high,Repeated failed access attempts were observed for a sensitive resource.
eac6f57d-6ad4-40cd-b7e7-6c3a0b51e89e,access_log,L00100374,REPEATED_FAILED_ACCESS,high,Repeated failed access attempts were observed for a sensitive resource.
bf9195fd-5560-40ae-8761-57180c22277e,access_log,L00100375,REPEATED_FAILED_ACCESS,high,Repeated failed access attempts were observed for a sensitive resource.
d8ae521f-4593-48f1-abb3-86e356f07328,access_log,L00100376,REPEATED_FAILED_ACCESS,high,Repeated failed access attempts were observed for a sensitive resource.
b787b61e-3985-43c2-9bcd-49f5473c3795,access_log,L00100377,REPEATED_FAILED_ACCESS,high,Repeated failed access attempts were observed for a sensitive resource.
9fcc60d9-b935-4740-840b-934638868612,access_log,L00100378,REPEATED_FAILED_ACCESS,high,Repeated failed access attempts were observed for a sensitive resource.
9104bb98-8529-420c-ae29-00f01b600cdc,access_log,L00100379,REPEATED_FAILED_ACCESS,high,Repeated failed access attempts were observed for a sensitive resource.
6e28717d-d2bb-460b-a379-1e8eee6e1f97,access_log,L00100380,REPEATED_FAILED_ACCESS,high,Repeated failed access attempts were observed for a sensitive resource.
dc38af22-99e7-49dd-9024-5dc4cc676f62,access_log,L00100381,REPEATED_FAILED_ACCESS,high,Repeated failed access attempts were observed for a sensitive resource.
d3050491-b907-4b5b-86e6-25114bfa9f0f,access_log,L00100382,REPEATED_FAILED_ACCESS,high,Repeated failed access attempts were observed for a sensitive resource.
6bbc5e66-f1ce-4b34-820a-9ace9e4980d8,access_log,L00100383,REPEATED_FAILED_ACCESS,high,Repeated failed access attempts were observed for a sensitive resource.
b2e6ef32-61ae-47fe-9cb5-fb0647893ab1,access_log,L00100384,REPEATED_FAILED_ACCESS,high,Repeated failed access attempts were observed for a sensitive resource.
5def7486-3a01-49c1-acfa-1511e8a9b599,access_log,L00100385,REPEATED_FAILED_ACCESS,high,Repeated failed access attempts were observed for a sensitive resource.
c1ab9fc1-a7f9-4915-9cab-23bd2d2fb6c6,access_log,L00100386,REPEATED_FAILED_ACCESS,high,Repeated failed access attempts were observed for a sensitive resource.
a8fedff3-ce82-4e4c-91d3-080f3441281d,access_log,L00100387,REPEATED_FAILED_ACCESS,high,Repeated failed access attempts were observed for a sensitive resource.
32d9c8aa-3354-482a-a5c3-93a15c9c4e9d,access_log,L00100388,REPEATED_FAILED_ACCESS,high,Repeated failed access attempts were observed for a sensitive resource.
724ced69-edb5-4088-944c-d6e0c8a61670,access_log,L00100389,REPEATED_FAILED_ACCESS,high,Repeated failed access attempts were observed for a sensitive resource.
471df94a-da42-45f7-8fb1-fb5a2096fe50,access_log,L00100390,REPEATED_FAILED_ACCESS,high,Repeated failed access attempts were observed for a sensitive resource.
688f0f1a-d70a-443f-8681-b23880db36de,access_log,L00100391,REPEATED_FAILED_ACCESS,high,Repeated failed access attempts were observed for a sensitive resource.
b9a6ef20-3f89-4376-9740-d7879801edc0,access_log,L00100392,REPEATED_FAILED_ACCESS,high,Repeated failed access attempts were observed for a sensitive resource.
025db40c-e40a-433a-af51-e9b98da58089,access_log,L00100393,REPEATED_FAILED_ACCESS,high,Repeated failed access attempts were observed for a sensitive resource.
6735db06-4808-41ec-908d-d489a2aac51a,access_log,L00100394,REPEATED_FAILED_ACCESS,high,Repeated failed access attempts were observed for a sensitive resource.
3ee563f5-bdc9-40c8-8306-d3f2253d6db9,access_log,L00100395,REPEATED_FAILED_ACCESS,high,Repeated failed access attempts were observed for a sensitive resource.
33dfdf4b-75bc-42ae-b1d9-1ee88ab1883d,access_log,L00100396,REPEATED_FAILED_ACCESS,high,Repeated failed access attempts were observed for a sensitive resource.
077cd189-c0e0-4ad5-bfff-e583987ed53f,access_log,L00100397,REPEATED_FAILED_ACCESS,high,Repeated failed access attempts were observed for a sensitive resource.
ed53bc5e-1bf2-4db1-907c-6c873e4d3abc,access_log,L00100398,REPEATED_FAILED_ACCESS,high,Repeated failed access attempts were observed for a sensitive resource.
ce38c037-9e20-4ce8-8c86-dccbf8b51b23,access_log,L00100399,REPEATED_FAILED_ACCESS,high,Repeated failed access attempts were observed for a sensitive resource.
74f8dc33-f6ab-4842-8bea-618325c704a4,access_log,L00100400,REPEATED_FAILED_ACCESS,high,Repeated failed access attempts were observed for a sensitive resource.
61a91184-4523-43d3-a725-99511050a727,access_log,L00100401,REPEATED_FAILED_ACCESS,high,Repeated failed access attempts were observed for a sensitive resource.
a7423d01-8e9b-40ac-b539-974a515a386c,access_log,L00100402,REPEATED_FAILED_ACCESS,high,Repeated failed access attempts were observed for a sensitive resource.
0f89e52b-0a3c-49bd-bd81-019eafc20f6b,access_log,L00100403,REPEATED_FAILED_ACCESS,high,Repeated failed access attempts were observed for a sensitive resource.
f4c813ce-b260-42ca-a4dc-06deddb07c0c,access_log,L00100404,REPEATED_FAILED_ACCESS,high,Repeated failed access attempts were observed for a sensitive resource.
58eb4719-d761-4336-8597-1468a188baf5,access_log,L00100405,REPEATED_FAILED_ACCESS,high,Repeated failed access attempts were observed for a sensitive resource.
b5ee044f-29b1-4579-aaf7-91c1b30c443f,access_log,L00100406,REPEATED_FAILED_ACCESS,high,Repeated failed access attempts were observed for a sensitive resource.
cc1465aa-423b-4ef0-8bd8-bf926e59c1be,access_log,L00100407,REPEATED_FAILED_ACCESS,high,Repeated failed access attempts were observed for a sensitive resource.
555333a8-df03-4158-adee-221226ee6c18,access_log,L00100408,REPEATED_FAILED_ACCESS,high,Repeated failed access attempts were observed for a sensitive resource.
ac3c3554-eedd-4b24-9a14-9988e5b66a5e,access_log,L00100409,REPEATED_FAILED_ACCESS,high,Repeated failed access attempts were observed for a sensitive resource.
cd8b9d05-3397-45f8-8a3f-908dbfd7ebee,access_log,L00100410,REPEATED_FAILED_ACCESS,high,Repeated failed access attempts were observed for a sensitive resource.
1c5ccfb7-331d-40ff-a70d-7467a811e07b,access_log,L00100411,REPEATED_FAILED_ACCESS,high,Repeated failed access attempts were observed for a sensitive resource.
a8cdad0b-97e2-48cd-99d3-6033b0e5cb29,access_log,L00100412,REPEATED_FAILED_ACCESS,high,Repeated failed access attempts were observed for a sensitive resource.
813d8f86-1668-4e7c-ab8f-276ed76351f2,access_log,L00100413,REPEATED_FAILED_ACCESS,high,Repeated failed access attempts were observed for a sensitive resource.
842ae8b1-9ed9-4e41-bf33-eb7e2c2a459f,access_log,L00100414,REPEATED_FAILED_ACCESS,high,Repeated failed access attempts were observed for a sensitive resource.
8455de77-35be-4a3c-8a68-5b622b0379a0,access_log,L00100415,REPEATED_FAILED_ACCESS,high,Repeated failed access attempts were observed for a sensitive resource.
be89b133-0d00-4f72-b462-dfbd938a3301,access_log,L00100416,REPEATED_FAILED_ACCESS,high,Repeated failed access attempts were observed for a sensitive resource.
b722115e-69b6-4e6d-8b7e-78072a8aeb40,access_log,L00100417,REPEATED_FAILED_ACCESS,high,Repeated failed access attempts were observed for a sensitive resource.
f12b4e7a-f0df-4946-b13c-005fd9ee45fe,access_log,L00100418,REPEATED_FAILED_ACCESS,high,Repeated failed access attempts were observed for a sensitive resource.
34dd3001-ef11-4714-b305-555cbf6e5f15,access_log,L00100419,REPEATED_FAILED_ACCESS,high,Repeated failed access attempts were observed for a sensitive resource.
267ba4e9-62b8-4ee2-8592-3fc37d69e7f9,access_log,L00100420,REPEATED_FAILED_ACCESS,high,Repeated failed access attempts were observed for a sensitive resource.
fc428ccf-d8a0-495b-a62e-07b5756e6f03,access_log,L00100421,REPEATED_FAILED_ACCESS,high,Repeated failed access attempts were observed for a sensitive resource.
bc731816-7f38-48b6-abbb-711848973122,access_log,L00100422,REPEATED_FAILED_ACCESS,high,Repeated failed access attempts were observed for a sensitive resource.
c04a0ab2-5869-4fed-a01f-fd88639eb7c7,access_log,L00100423,REPEATED_FAILED_ACCESS,high,Repeated failed access attempts were observed for a sensitive resource.
8be09114-4062-4a85-a0b2-2eaa9afa44fe,access_log,L00100424,REPEATED_FAILED_ACCESS,high,Repeated failed access attempts were observed for a sensitive resource.
84ac54c3-6868-4376-b81b-66239c3db663,access_log,L00100425,REPEATED_FAILED_ACCESS,high,Repeated failed access attempts were observed for a sensitive resource.
07663d21-4fd6-4375-a364-474b840fd13e,access_log,L00100426,REPEATED_FAILED_ACCESS,high,Repeated failed access attempts were observed for a sensitive resource.
4bbded81-fd14-42d3-b546-98c5bbad81d8,access_log,L00100427,REPEATED_FAILED_ACCESS,high,Repeated failed access attempts were observed for a sensitive resource.
8f3c4edc-e87e-4756-89ac-1c5e2c091ea7,access_log,L00100428,REPEATED_FAILED_ACCESS,high,Repeated failed access attempts were observed for a sensitive resource.
bb90c2d8-7774-4d6c-abc7-016bb68d7284,access_log,L00100429,REPEATED_FAILED_ACCESS,high,Repeated failed access attempts were observed for a sensitive resource.
d8b99056-3674-4da6-aa9c-3339f248af54,access_log,L00100430,REPEATED_FAILED_ACCESS,high,Repeated failed access attempts were observed for a sensitive resource.
b323715a-e093-4d1d-97ea-f7ad83a17cec,access_log,L00100431,REPEATED_FAILED_ACCESS,high,Repeated failed access attempts were observed for a sensitive resource.
cc8fe8e7-2622-4b3a-82a6-b93c9d87af83,access_log,L00100432,REPEATED_FAILED_ACCESS,high,Repeated failed access attempts were observed for a sensitive resource.
c30659bf-9238-4c56-ab05-b0fd7b6370e2,access_log,L00100433,REPEATED_FAILED_ACCESS,high,Repeated failed access attempts were observed for a sensitive resource.
a6321332-31b4-4e47-a9fd-f24da830580b,access_log,L00100434,REPEATED_FAILED_ACCESS,high,Repeated failed access attempts were observed for a sensitive resource.
d33c1f8f-4844-4240-86fc-313ab6d00e30,access_log,L00100435,REPEATED_FAILED_ACCESS,high,Repeated failed access attempts were observed for a sensitive resource.
9f3ce117-7d8c-413a-b910-54454fea1b48,access_log,L00100436,REPEATED_FAILED_ACCESS,high,Repeated failed access attempts were observed for a sensitive resource.
b69318e1-e367-4b28-8d66-03d2e650de99,access_log,L00100437,REPEATED_FAILED_ACCESS,high,Repeated failed access attempts were observed for a sensitive resource.
4f71e3ab-aec0-4a05-81e9-9482d44a4c76,access_log,L00100438,REPEATED_FAILED_ACCESS,high,Repeated failed access attempts were observed for a sensitive resource.
5379db81-8e9f-486b-ba03-7be542428353,access_log,L00100439,REPEATED_FAILED_ACCESS,high,Repeated failed access attempts were observed for a sensitive resource.
6aec8d7c-8b1a-44cb-a8da-a3375444c5ac,access_log,L00100440,REPEATED_FAILED_ACCESS,high,Repeated failed access attempts were observed for a sensitive resource.
7efcc6f8-b25c-4062-b9fc-5639bc53d5fa,access_log,L00100441,REPEATED_FAILED_ACCESS,high,Repeated failed access attempts were observed for a sensitive resource.
754f34aa-d83e-497d-92d0-e0d1be8ccdeb,access_log,L00100442,REPEATED_FAILED_ACCESS,high,Repeated failed access attempts were observed for a sensitive resource.
d1c6cda3-8cee-4644-9ee4-0ffaf860fb7e,access_log,L00100443,REPEATED_FAILED_ACCESS,high,Repeated failed access attempts were observed for a sensitive resource.
3f86e243-af4a-4dbb-b084-02aaff73f094,access_log,L00100444,REPEATED_FAILED_ACCESS,high,Repeated failed access attempts were observed for a sensitive resource.
f47e132b-3440-417d-89f7-af460a6dbd32,access_log,L00100445,REPEATED_FAILED_ACCESS,high,Repeated failed access attempts were observed for a sensitive resource.
ad8390d3-d5cb-4ab3-90f5-9373102493b1,access_log,L00100446,REPEATED_FAILED_ACCESS,high,Repeated failed access attempts were observed for a sensitive resource.
1b37e052-c107-4316-ba67-4b2a2911c5e2,access_log,L00100447,REPEATED_FAILED_ACCESS,high,Repeated failed access attempts were observed for a sensitive resource.
443dbe24-bbc0-4ab1-a4dc-71123c8077bd,access_log,L00100448,REPEATED_FAILED_ACCESS,high,Repeated failed access attempts were observed for a sensitive resource.
8fe39555-4a20-405b-be82-431355b91694,access_log,L00100449,REPEATED_FAILED_ACCESS,high,Repeated failed access attempts were observed for a sensitive resource.
f667b015-22d0-416c-91cd-15e469f8ae57,access_log,L00100450,REPEATED_FAILED_ACCESS,high,Repeated failed access attempts were observed for a sensitive resource.
d8525d18-a4b5-47bb-a7f5-5e36be80f2d0,access_log,L00100451,REPEATED_FAILED_ACCESS,high,Repeated failed access attempts were observed for a sensitive resource.
35d3017b-a757-45f8-8e0f-7bfe7d5b92be,access_log,L00100452,REPEATED_FAILED_ACCESS,high,Repeated failed access attempts were observed for a sensitive resource.
3448b29a-d587-4507-ab5b-ab5b214104c6,access_log,L00100453,REPEATED_FAILED_ACCESS,high,Repeated failed access attempts were observed for a sensitive resource.
9290ede7-187b-43bc-802f-e6f2b2263580,access_log,L00100454,REPEATED_FAILED_ACCESS,high,Repeated failed access attempts were observed for a sensitive resource.
61daefd3-1fc4-41a3-b74d-1c4289132210,access_log,L00100455,REPEATED_FAILED_ACCESS,high,Repeated failed access attempts were observed for a sensitive resource.
b18d398c-25ef-4736-ab27-46d87ab629cf,access_log,L00100456,REPEATED_FAILED_ACCESS,high,Repeated failed access attempts were observed for a sensitive resource.
0795fe09-e698-4d28-bbe3-fc46236272da,access_log,L00100457,REPEATED_FAILED_ACCESS,high,Repeated failed access attempts were observed for a sensitive resource.
f12db009-4279-4f3f-a893-800905f80228,access_log,L00100458,REPEATED_FAILED_ACCESS,high,Repeated failed access attempts were observed for a sensitive resource.
f5d15891-03ca-4712-b83c-f32221331ae8,access_log,L00100459,REPEATED_FAILED_ACCESS,high,Repeated failed access attempts were observed for a sensitive resource.
95e1d1c5-0ac8-4a4e-8af6-6f6ebe313d1f,access_log,L00100460,REPEATED_FAILED_ACCESS,high,Repeated failed access attempts were observed for a sensitive resource.
beeddff0-8fa2-4243-bb8e-cb05964a07c2,access_log,L00100461,REPEATED_FAILED_ACCESS,high,Repeated failed access attempts were observed for a sensitive resource.
aad7ccf4-4665-4807-9d86-0538c26ca115,access_log,L00100462,REPEATED_FAILED_ACCESS,high,Repeated failed access attempts were observed for a sensitive resource.
bd4435c4-f311-4fc8-b707-82cc2553f7ed,access_log,L00100463,REPEATED_FAILED_ACCESS,high,Repeated failed access attempts were observed for a sensitive resource.
c9a11e43-d387-4cb0-b92f-8497b4eaf942,access_log,L00100464,REPEATED_FAILED_ACCESS,high,Repeated failed access attempts were observed for a sensitive resource.
8a3e5ebf-7b97-4679-b18e-a8142fb0094e,access_log,L00100465,REPEATED_FAILED_ACCESS,high,Repeated failed access attempts were observed for a sensitive resource.
f2e64430-fec3-44f4-a8b8-20cf086f7de1,access_log,L00100466,REPEATED_FAILED_ACCESS,high,Repeated failed access attempts were observed for a sensitive resource.
64a6ccf3-feee-4115-85fc-ea8caf6de010,access_log,L00100467,REPEATED_FAILED_ACCESS,high,Repeated failed access attempts were observed for a sensitive resource.
52b3ff5f-8b4d-4959-a12f-12a5984184e3,access_log,L00100468,REPEATED_FAILED_ACCESS,high,Repeated failed access attempts were observed for a sensitive resource.
40435405-dff8-4515-8305-555c9500af7e,access_log,L00100469,REPEATED_FAILED_ACCESS,high,Repeated failed access attempts were observed for a sensitive resource.
8859f605-7bd4-4e82-b5ef-237a7b8ca22d,access_log,L00100470,REPEATED_FAILED_ACCESS,high,Repeated failed access attempts were observed for a sensitive resource.
816c7be4-3c17-4d75-911c-fdef99ebabe6,access_log,L00100471,REPEATED_FAILED_ACCESS,high,Repeated failed access attempts were observed for a sensitive resource.
8f6afaad-dbe0-4f3a-ab83-3bdcbce998fb,access_log,L00100472,REPEATED_FAILED_ACCESS,high,Repeated failed access attempts were observed for a sensitive resource.
da34334a-9c86-4619-b3c5-0f9bc965ce02,access_log,L00100473,REPEATED_FAILED_ACCESS,high,Repeated failed access attempts were observed for a sensitive resource.
12ab7370-75db-4e92-bce5-583a71da4127,access_log,L00100474,REPEATED_FAILED_ACCESS,high,Repeated failed access attempts were observed for a sensitive resource.
86b0950d-3d8e-4714-a17b-d5e752e29c29,access_log,L00100475,REPEATED_FAILED_ACCESS,high,Repeated failed access attempts were observed for a sensitive resource.
0b47a68b-1f69-4136-8543-6a19d106be9a,access_log,L00100476,REPEATED_FAILED_ACCESS,high,Repeated failed access attempts were observed for a sensitive resource.
c9de4a1d-a758-4bd2-bad3-1203ab7725f1,access_log,L00100477,REPEATED_FAILED_ACCESS,high,Repeated failed access attempts were observed for a sensitive resource.
deaffb91-1fad-4ca9-829e-50e0f5ba87b1,access_log,L00100478,REPEATED_FAILED_ACCESS,high,Repeated failed access attempts were observed for a sensitive resource.
ddc6c0da-3705-44dd-9b62-36aa505ae468,access_log,L00100479,REPEATED_FAILED_ACCESS,high,Repeated failed access attempts were observed for a sensitive resource.
333f43a4-996d-4d89-bd66-6f1588d67c41,access_log,L00100480,REPEATED_FAILED_ACCESS,high,Repeated failed access attempts were observed for a sensitive resource.
101e11c0-0078-4f75-a5db-4febd694bca2,access_log,L00100481,REPEATED_FAILED_ACCESS,high,Repeated failed access attempts were observed for a sensitive resource.
1ddfee7f-71d1-4658-b8dc-43cd89970d1a,access_log,L00100482,REPEATED_FAILED_ACCESS,high,Repeated failed access attempts were observed for a sensitive resource.
ce2641c5-977e-401c-a11a-e3dc3c525b1e,access_log,L00100483,REPEATED_FAILED_ACCESS,high,Repeated failed access attempts were observed for a sensitive resource.
7d4fe1ca-ad1c-45cd-afd6-76adb9381416,access_log,L00100484,REPEATED_FAILED_ACCESS,high,Repeated failed access attempts were observed for a sensitive resource.
66547b7f-e4c1-4c86-b673-f36ef3813f27,access_log,L00100485,REPEATED_FAILED_ACCESS,high,Repeated failed access attempts were observed for a sensitive resource.
f7576933-6ebc-440e-be7e-8c01348fe777,access_log,L00100486,REPEATED_FAILED_ACCESS,high,Repeated failed access attempts were observed for a sensitive resource.
3ec325d2-3962-4a61-8c62-269b37a5f2b4,access_log,L00100487,REPEATED_FAILED_ACCESS,high,Repeated failed access attempts were observed for a sensitive resource.
eb81dbbf-5223-4223-af33-02ee0613df1a,access_log,L00100488,REPEATED_FAILED_ACCESS,high,Repeated failed access attempts were observed for a sensitive resource.
29ebed62-8df3-4599-abb9-d7288beae64c,access_log,L00100489,REPEATED_FAILED_ACCESS,high,Repeated failed access attempts were observed for a sensitive resource.
06251e47-0c99-42e2-a143-dc6006332351,access_log,L00100490,REPEATED_FAILED_ACCESS,high,Repeated failed access attempts were observed for a sensitive resource.
eeb39bfc-420d-4f0e-a737-b98ec177dda7,access_log,L00100491,REPEATED_FAILED_ACCESS,high,Repeated failed access attempts were observed for a sensitive resource.
5fe803de-3a4b-405b-bbe4-935499c6a8d6,access_log,L00100492,REPEATED_FAILED_ACCESS,high,Repeated failed access attempts were observed for a sensitive resource.
f3d55183-d53f-4431-9e7b-e9e9b9f0c357,access_log,L00100493,REPEATED_FAILED_ACCESS,high,Repeated failed access attempts were observed for a sensitive resource.
6bc64e3d-0b0c-4a1a-b711-f8ca38b4cde3,access_log,L00100494,REPEATED_FAILED_ACCESS,high,Repeated failed access attempts were observed for a sensitive resource.
e09effe1-cfdc-4026-86a2-8316f40be851,access_log,L00100495,REPEATED_FAILED_ACCESS,high,Repeated failed access attempts were observed for a sensitive resource.
7980cd0a-95a0-45b2-b146-820af0d4e96e,access_log,L00100496,REPEATED_FAILED_ACCESS,high,Repeated failed access attempts were observed for a sensitive resource.
0aeb32c8-0cd0-4360-8452-4b9fc7880a0d,access_log,L00100497,REPEATED_FAILED_ACCESS,high,Repeated failed access attempts were observed for a sensitive resource.
db64f946-8731-4961-9204-49ae55fbf2b8,access_log,L00100498,REPEATED_FAILED_ACCESS,high,Repeated failed access attempts were observed for a sensitive resource.
7c4ebccc-eb45-4e27-9654-78ef429e4c5b,access_log,L00100499,REPEATED_FAILED_ACCESS,high,Repeated failed access attempts were observed for a sensitive resource.
5088ea35-3b03-41cc-9f23-ca17cc16ae04,access_log,L00100500,REPEATED_FAILED_ACCESS,high,Repeated failed access attempts were observed for a sensitive resource.
1e42881a-519a-4f76-94e2-bb7b8cdccff5,access_log,L00100501,REPEATED_FAILED_ACCESS,high,Repeated failed access attempts were observed for a sensitive resource.
352714a6-b142-400d-aa37-47a6a18fd23b,access_log,L00100502,REPEATED_FAILED_ACCESS,high,Repeated failed access attempts were observed for a sensitive resource.
8f3c3e51-b692-441c-b5ea-81ae33bfb7ea,access_log,L00100503,REPEATED_FAILED_ACCESS,high,Repeated failed access attempts were observed for a sensitive resource.
cece52d8-41c7-48e1-9dc1-71d8e3d242d0,access_log,L00100504,REPEATED_FAILED_ACCESS,high,Repeated failed access attempts were observed for a sensitive resource.
7058b520-d5b4-4c46-8b17-5d77309cb5ca,access_log,L00100505,REPEATED_FAILED_ACCESS,high,Repeated failed access attempts were observed for a sensitive resource.
dece301f-83c0-4ad5-8e54-bccaa3015eb6,access_log,L00100506,REPEATED_FAILED_ACCESS,high,Repeated failed access attempts were observed for a sensitive resource.
e78fcc1f-6518-4ebf-a46b-7164932ee135,access_log,L00100507,REPEATED_FAILED_ACCESS,high,Repeated failed access attempts were observed for a sensitive resource.
333637e9-3504-4875-a843-942b011269ba,access_log,L00100508,REPEATED_FAILED_ACCESS,high,Repeated failed access attempts were observed for a sensitive resource.
fe10ff16-78eb-4e73-99eb-b0fa93e4c402,access_log,L00100509,REPEATED_FAILED_ACCESS,high,Repeated failed access attempts were observed for a sensitive resource.
8fc78448-a942-4563-a4fe-4714ed727fda,access_log,L00100510,REPEATED_FAILED_ACCESS,high,Repeated failed access attempts were observed for a sensitive resource.
bcc15037-fcfc-48f6-a897-ace287f7aa41,access_log,L00100511,REPEATED_FAILED_ACCESS,high,Repeated failed access attempts were observed for a sensitive resource.
c52ec5d5-fafc-4317-b24c-bcd2fb689bff,access_log,L00100512,REPEATED_FAILED_ACCESS,high,Repeated failed access attempts were observed for a sensitive resource.
5416e4af-fab4-4f5d-83db-0278fba31cc5,access_log,L00100513,REPEATED_FAILED_ACCESS,high,Repeated failed access attempts were observed for a sensitive resource.
6e255b0d-a64d-4bfb-895d-cf183366536e,access_log,L00100514,REPEATED_FAILED_ACCESS,high,Repeated failed access attempts were observed for a sensitive resource.
bb137db7-af7d-41ac-ab8e-13ad72eea7f9,access_log,L00100515,REPEATED_FAILED_ACCESS,high,Repeated failed access attempts were observed for a sensitive resource.
dae1451e-9e2d-4aae-a7b2-aa792ad3f18e,access_log,L00100516,REPEATED_FAILED_ACCESS,high,Repeated failed access attempts were observed for a sensitive resource.
52be91e6-e485-49ab-b2ec-51d4bb91fa33,access_log,L00100517,REPEATED_FAILED_ACCESS,high,Repeated failed access attempts were observed for a sensitive resource.
ad1d2a10-4cc5-4b63-b488-0ba91299c7ff,access_log,L00100518,REPEATED_FAILED_ACCESS,high,Repeated failed access attempts were observed for a sensitive resource.
f78fc56a-c8b2-4d96-bb1d-8cb54d0128b6,access_log,L00100519,REPEATED_FAILED_ACCESS,high,Repeated failed access attempts were observed for a sensitive resource.
a895aa55-7931-448f-8d6a-c85c0d359d58,access_log,L00100520,REPEATED_FAILED_ACCESS,high,Repeated failed access attempts were observed for a sensitive resource.
03b0628e-c61a-40cf-a781-b55050de57fb,access_log,L00100521,REPEATED_FAILED_ACCESS,high,Repeated failed access attempts were observed for a sensitive resource.
084fcd7a-75e1-44d1-b9a1-4f9b9ba761c8,access_log,L00100522,REPEATED_FAILED_ACCESS,high,Repeated failed access attempts were observed for a sensitive resource.
996cc39f-413e-4907-afdc-8d7086dc04f6,access_log,L00100523,REPEATED_FAILED_ACCESS,high,Repeated failed access attempts were observed for a sensitive resource.
ec00fcb6-c64d-460e-a525-05384d8910b8,access_log,L00100524,REPEATED_FAILED_ACCESS,high,Repeated failed access attempts were observed for a sensitive resource.
f90c429e-52fc-4eec-8c69-bd5c4895250c,access_log,L00100525,REPEATED_FAILED_ACCESS,high,Repeated failed access attempts were observed for a sensitive resource.
199a31e6-0f8f-4ac7-a68f-de4bfcaa0947,access_log,L00100526,REPEATED_FAILED_ACCESS,high,Repeated failed access attempts were observed for a sensitive resource.
bd2c2c7d-fc80-4bea-9de4-dfb660ecc899,access_log,L00100527,REPEATED_FAILED_ACCESS,high,Repeated failed access attempts were observed for a sensitive resource.
be6ea79f-99e2-4430-a8b7-df79a24a7dc1,access_log,L00100528,REPEATED_FAILED_ACCESS,high,Repeated failed access attempts were observed for a sensitive resource.
d45c72a6-7303-4598-bcec-0f1eca8f55f7,access_log,L00100529,REPEATED_FAILED_ACCESS,high,Repeated failed access attempts were observed for a sensitive resource.
ab1d4b02-b2d5-44a2-a566-9c5084a05608,access_log,L00100530,REPEATED_FAILED_ACCESS,high,Repeated failed access attempts were observed for a sensitive resource.
be41f007-2a0f-48fc-8013-139e605b17a4,access_log,L00100531,REPEATED_FAILED_ACCESS,high,Repeated failed access attempts were observed for a sensitive resource.
f3093387-048c-41f9-b242-fcaee5041190,access_log,L00100532,REPEATED_FAILED_ACCESS,high,Repeated failed access attempts were observed for a sensitive resource.
11cbff44-af92-458e-8d65-71ddb7563ecf,access_log,L00100533,REPEATED_FAILED_ACCESS,high,Repeated failed access attempts were observed for a sensitive resource.
b2b9cb33-17e6-4ea9-8db9-6c9b166d7345,access_log,L00100534,REPEATED_FAILED_ACCESS,high,Repeated failed access attempts were observed for a sensitive resource.
86f079e5-0d12-4746-9426-a0a5191b9da6,access_log,L00100535,REPEATED_FAILED_ACCESS,high,Repeated failed access attempts were observed for a sensitive resource.
8580d005-961b-4cea-89b6-b6dbd051d203,access_log,L00100536,REPEATED_FAILED_ACCESS,high,Repeated failed access attempts were observed for a sensitive resource.
58f20550-66e7-49dd-a64d-4a0f7e90f5ac,access_log,L00100537,REPEATED_FAILED_ACCESS,high,Repeated failed access attempts were observed for a sensitive resource.
79825be5-4b21-4825-8528-e318f15066e1,access_log,L00100538,REPEATED_FAILED_ACCESS,high,Repeated failed access attempts were observed for a sensitive resource.
3a4a1a8d-b9be-47a7-9eb0-c9eb7abe6372,access_log,L00100539,REPEATED_FAILED_ACCESS,high,Repeated failed access attempts were observed for a sensitive resource.
e425d673-d505-4f28-bae0-67dec953eb2a,access_log,L00100540,REPEATED_FAILED_ACCESS,high,Repeated failed access attempts were observed for a sensitive resource.
1bb9a1a8-5767-42cc-85a5-0fb71e2b74e5,access_log,L00100541,REPEATED_FAILED_ACCESS,high,Repeated failed access attempts were observed for a sensitive resource.
ff2699ec-dac4-4595-9675-661376e783b9,access_log,L00100542,REPEATED_FAILED_ACCESS,high,Repeated failed access attempts were observed for a sensitive resource.
4b110e2d-0813-4f6a-a17b-e70af0679675,access_log,L00100543,REPEATED_FAILED_ACCESS,high,Repeated failed access attempts were observed for a sensitive resource.
c5e734b3-66cd-42ef-8c37-6a8d6bf83933,access_log,L00100544,REPEATED_FAILED_ACCESS,high,Repeated failed access attempts were observed for a sensitive resource.
167cc9ff-475e-4c6b-9c01-6f586b261662,access_log,L00100545,REPEATED_FAILED_ACCESS,high,Repeated failed access attempts were observed for a sensitive resource.
a2283c0a-f17a-48eb-87f7-d7b3ef6a6259,access_log,L00100546,REPEATED_FAILED_ACCESS,high,Repeated failed access attempts were observed for a sensitive resource.
2a468761-8b3d-4b2a-af15-b50092b92d47,access_log,L00100547,REPEATED_FAILED_ACCESS,high,Repeated failed access attempts were observed for a sensitive resource.
b62ad1ae-172f-432c-9722-1807275fea13,access_log,L00100548,REPEATED_FAILED_ACCESS,high,Repeated failed access attempts were observed for a sensitive resource.
0bac3c02-4665-4ccb-88fb-1d9f7cfbc25f,access_log,L00100549,REPEATED_FAILED_ACCESS,high,Repeated failed access attempts were observed for a sensitive resource.
5f8c4967-5f7d-4087-b7da-eda4a5733a87,access_log,L00100550,REPEATED_FAILED_ACCESS,high,Repeated failed access attempts were observed for a sensitive resource.
9b1ec5db-b4f8-42a7-b26d-9433b9b22a19,access_log,L00100551,REPEATED_FAILED_ACCESS,high,Repeated failed access attempts were observed for a sensitive resource.
ec962163-dccd-465e-a9a9-a24d658f6c4a,access_log,L00100552,REPEATED_FAILED_ACCESS,high,Repeated failed access attempts were observed for a sensitive resource.
76be1942-80ad-4319-af72-5fc37106a8e6,access_log,L00100553,REPEATED_FAILED_ACCESS,high,Repeated failed access attempts were observed for a sensitive resource.
77c4469c-67e8-46d0-81a7-3d0428b5b0bb,access_log,L00100554,REPEATED_FAILED_ACCESS,high,Repeated failed access attempts were observed for a sensitive resource.
4bde3295-2e19-4730-9c30-00970678cc6d,access_log,L00100555,REPEATED_FAILED_ACCESS,high,Repeated failed access attempts were observed for a sensitive resource.
9500ef72-dce2-47cc-b7e1-427dfe8ba2ab,access_log,L00100556,REPEATED_FAILED_ACCESS,high,Repeated failed access attempts were observed for a sensitive resource.
d098e102-bd47-498c-be65-550af51fd42e,access_log,L00100557,REPEATED_FAILED_ACCESS,high,Repeated failed access attempts were observed for a sensitive resource.
e447d822-5398-4014-813e-71ad6933a9ef,access_log,L00100558,REPEATED_FAILED_ACCESS,high,Repeated failed access attempts were observed for a sensitive resource.
adb12473-ba85-4414-92d1-1de87554ca55,access_log,L00100559,REPEATED_FAILED_ACCESS,high,Repeated failed access attempts were observed for a sensitive resource.
c0199b9f-0e49-4f78-8f35-30e0927f2860,access_log,L00100560,REPEATED_FAILED_ACCESS,high,Repeated failed access attempts were observed for a sensitive resource.
fb5c9afc-1703-4f76-8058-c8c1ad49fe86,access_log,L00100561,REPEATED_FAILED_ACCESS,high,Repeated failed access attempts were observed for a sensitive resource.
1af1fe68-3d4d-40fa-9e17-5f014fc53a1f,access_log,L00100562,REPEATED_FAILED_ACCESS,high,Repeated failed access attempts were observed for a sensitive resource.
036f88b5-d14e-4970-a056-e2506d88eb6f,access_log,L00100563,REPEATED_FAILED_ACCESS,high,Repeated failed access attempts were observed for a sensitive resource.
0b24fbeb-7c9b-4c18-820b-ce136735ea67,access_log,L00100564,REPEATED_FAILED_ACCESS,high,Repeated failed access attempts were observed for a sensitive resource.
08072a92-c584-41ce-8ab1-a5d1ba8e56a3,access_log,L00100565,REPEATED_FAILED_ACCESS,high,Repeated failed access attempts were observed for a sensitive resource.
86dc639d-91fd-45b6-bbd5-d6590432e369,access_log,L00100566,REPEATED_FAILED_ACCESS,high,Repeated failed access attempts were observed for a sensitive resource.
602405d7-b211-4968-97dd-64ad0bf40fee,access_log,L00100567,REPEATED_FAILED_ACCESS,high,Repeated failed access attempts were observed for a sensitive resource.
1867a3e5-cd96-4a5b-ab32-c235b1f226c2,access_log,L00100568,REPEATED_FAILED_ACCESS,high,Repeated failed access attempts were observed for a sensitive resource.
7905679d-2f60-44a0-96ef-bacbe4c7252d,access_log,L00100569,REPEATED_FAILED_ACCESS,high,Repeated failed access attempts were observed for a sensitive resource.
9ea38de1-9efb-48e5-b910-1fb19a2961dd,access_log,L00100570,REPEATED_FAILED_ACCESS,high,Repeated failed access attempts were observed for a sensitive resource.
da1729f0-a63a-4f31-b1db-3e31dac914b2,access_log,L00100571,REPEATED_FAILED_ACCESS,high,Repeated failed access attempts were observed for a sensitive resource.
b2ee1e5f-a057-49b9-b589-5a291267df29,access_log,L00100572,REPEATED_FAILED_ACCESS,high,Repeated failed access attempts were observed for a sensitive resource.
a147d755-ec92-43b1-85b6-d849d5940c07,access_log,L00100573,REPEATED_FAILED_ACCESS,high,Repeated failed access attempts were observed for a sensitive resource.
f752155f-1b4c-49f0-a722-25e6c0f942b9,access_log,L00100574,REPEATED_FAILED_ACCESS,high,Repeated failed access attempts were observed for a sensitive resource.
fe0569e0-cc57-49bb-8d4d-41f93c402da1,access_log,L00100575,REPEATED_FAILED_ACCESS,high,Repeated failed access attempts were observed for a sensitive resource.
45a634a1-8b23-4844-9f75-bbda5c964cbc,access_log,L00100576,REPEATED_FAILED_ACCESS,high,Repeated failed access attempts were observed for a sensitive resource.
da19ca93-f5c2-4f0b-b238-bba000bfe7fd,access_log,L00100577,REPEATED_FAILED_ACCESS,high,Repeated failed access attempts were observed for a sensitive resource.
0c73d891-fa99-4e63-ba54-ce161a837c7c,access_log,L00100578,REPEATED_FAILED_ACCESS,high,Repeated failed access attempts were observed for a sensitive resource.
b0d5fa68-3ebd-4b83-8220-c895a04881e4,access_log,L00100579,REPEATED_FAILED_ACCESS,high,Repeated failed access attempts were observed for a sensitive resource.
4ac7ca59-701e-4074-8ea3-3a7c968db20e,access_log,L00100580,REPEATED_FAILED_ACCESS,high,Repeated failed access attempts were observed for a sensitive resource.
544881c5-b7ab-46ee-9944-044f4ce1f1f5,access_log,L00100581,REPEATED_FAILED_ACCESS,high,Repeated failed access attempts were observed for a sensitive resource.
81e02205-e807-4847-a263-8fb8dd9241ea,access_log,L00100582,REPEATED_FAILED_ACCESS,high,Repeated failed access attempts were observed for a sensitive resource.
0e351783-279d-4cd6-a6d1-818c3be6ae69,access_log,L00100583,REPEATED_FAILED_ACCESS,high,Repeated failed access attempts were observed for a sensitive resource.
8af253aa-204a-4a24-b5f7-46c13347fd86,access_log,L00100584,REPEATED_FAILED_ACCESS,high,Repeated failed access attempts were observed for a sensitive resource.
a4844d39-9db8-4322-9d53-759a682b3b77,access_log,L00100585,REPEATED_FAILED_ACCESS,high,Repeated failed access attempts were observed for a sensitive resource.
0ae188f6-4c51-4d33-94e5-61f0185fec7e,access_log,L00100586,REPEATED_FAILED_ACCESS,high,Repeated failed access attempts were observed for a sensitive resource.
e10dd8be-ae3c-41c3-80ea-332b6398954b,access_log,L00100587,REPEATED_FAILED_ACCESS,high,Repeated failed access attempts were observed for a sensitive resource.
f2af139a-0466-44ae-9d6b-a42318227a4b,access_log,L00100588,REPEATED_FAILED_ACCESS,high,Repeated failed access attempts were observed for a sensitive resource.
2daaee46-0766-4b08-82d4-97e6c2e34436,access_log,L00100589,REPEATED_FAILED_ACCESS,high,Repeated failed access attempts were observed for a sensitive resource.
765a5205-be4d-43fd-9191-5364fb26a162,access_log,L00100590,REPEATED_FAILED_ACCESS,high,Repeated failed access attempts were observed for a sensitive resource.
1afb5036-a882-4b19-ac3a-b5faef420114,access_log,L00100591,REPEATED_FAILED_ACCESS,high,Repeated failed access attempts were observed for a sensitive resource.
f56fffac-a330-4e78-bd71-4c4141798574,access_log,L00100592,REPEATED_FAILED_ACCESS,high,Repeated failed access attempts were observed for a sensitive resource.
d0704983-5a6a-41f6-8d6f-5e4da96922c7,access_log,L00100593,REPEATED_FAILED_ACCESS,high,Repeated failed access attempts were observed for a sensitive resource.
8bf22b03-436c-4728-a98f-809785e377ba,access_log,L00100594,REPEATED_FAILED_ACCESS,high,Repeated failed access attempts were observed for a sensitive resource.
49b1c658-fc64-4d7d-a002-93ff5c317a78,access_log,L00100595,REPEATED_FAILED_ACCESS,high,Repeated failed access attempts were observed for a sensitive resource.
3b61e6ab-345e-4139-b308-84d54ea2dd76,access_log,L00100596,REPEATED_FAILED_ACCESS,high,Repeated failed access attempts were observed for a sensitive resource.
bfce9d22-86b3-4ae8-b3c9-0f1774888169,access_log,L00100597,REPEATED_FAILED_ACCESS,high,Repeated failed access attempts were observed for a sensitive resource.
86f55c19-0f84-46aa-9863-3aaf46b78d47,access_log,L00100598,REPEATED_FAILED_ACCESS,high,Repeated failed access attempts were observed for a sensitive resource.
de9d5da7-a156-40c1-85f0-4ac29836c33e,access_log,L00100599,REPEATED_FAILED_ACCESS,high,Repeated failed access attempts were observed for a sensitive resource.
1d5b9d25-cb0b-4cea-8a82-06d9e18fb4b6,access_log,L00100600,REPEATED_FAILED_ACCESS,high,Repeated failed access attempts were observed for a sensitive resource.
16d532ca-c3aa-446e-b4db-0c888e8e57e8,access_log,L00100601,UNUSUAL_RESOURCE_ACTION,critical,User performed an unusual action against a sensitive resource.
1b06cd0e-c6ba-4041-969d-53a42321821b,access_log,L00100602,UNUSUAL_RESOURCE_ACTION,critical,User performed an unusual action against a sensitive resource.
5b3328b1-7564-4cf7-a63e-f8570065d5b2,access_log,L00100603,UNUSUAL_RESOURCE_ACTION,critical,User performed an unusual action against a sensitive resource.
4af5b33d-7712-4048-b4cd-16fabcfeda7d,access_log,L00100604,UNUSUAL_RESOURCE_ACTION,critical,User performed an unusual action against a sensitive resource.
a03574ac-9c1c-4c91-b5c3-5d77acb4be6e,access_log,L00100605,UNUSUAL_RESOURCE_ACTION,critical,User performed an unusual action against a sensitive resource.
9eee8b33-d349-42ed-8a6e-36a8fb3e6789,access_log,L00100606,UNUSUAL_RESOURCE_ACTION,critical,User performed an unusual action against a sensitive resource.
0cecfcf3-a0a8-489e-971f-96884d78aaa6,access_log,L00100607,UNUSUAL_RESOURCE_ACTION,critical,User performed an unusual action against a sensitive resource.
8774a9ec-3fe8-4433-916f-a09d2b3807f9,access_log,L00100608,UNUSUAL_RESOURCE_ACTION,critical,User performed an unusual action against a sensitive resource.
6ed84579-b416-4440-b6ff-ec7a5ce3b9b9,access_log,L00100609,UNUSUAL_RESOURCE_ACTION,critical,User performed an unusual action against a sensitive resource.
a96072c6-2fc8-48c0-bbff-aeb4367e834d,access_log,L00100610,UNUSUAL_RESOURCE_ACTION,critical,User performed an unusual action against a sensitive resource.
87b9f14f-c09c-4f68-9176-59bb8cd6ab00,access_log,L00100611,UNUSUAL_RESOURCE_ACTION,critical,User performed an unusual action against a sensitive resource.
22671a70-6729-4af2-8a2c-f8541ed5b2ca,access_log,L00100612,UNUSUAL_RESOURCE_ACTION,critical,User performed an unusual action against a sensitive resource.
710468f9-d2fa-4f8b-b99e-a8b145656f92,access_log,L00100613,UNUSUAL_RESOURCE_ACTION,critical,User performed an unusual action against a sensitive resource.
e4f65a16-cf72-417b-a041-73c9373a98ce,access_log,L00100614,UNUSUAL_RESOURCE_ACTION,critical,User performed an unusual action against a sensitive resource.
a3e3d879-4b1c-40f2-afbe-85abcc1f6306,access_log,L00100615,UNUSUAL_RESOURCE_ACTION,critical,User performed an unusual action against a sensitive resource.
3d04513a-3d93-4588-a264-3279ac3b15a0,access_log,L00100616,UNUSUAL_RESOURCE_ACTION,critical,User performed an unusual action against a sensitive resource.
9adcc22a-c9c3-43fd-bb69-9513c7b1cf28,access_log,L00100617,UNUSUAL_RESOURCE_ACTION,critical,User performed an unusual action against a sensitive resource.
626389dd-d441-4dd3-8e9b-42e922895833,access_log,L00100618,UNUSUAL_RESOURCE_ACTION,critical,User performed an unusual action against a sensitive resource.
659a3b0c-3282-404c-ae3f-c88028142bcc,access_log,L00100619,UNUSUAL_RESOURCE_ACTION,critical,User performed an unusual action against a sensitive resource.
1aa3fe8c-3cdc-42fb-84cf-4c920d070f8c,access_log,L00100620,UNUSUAL_RESOURCE_ACTION,critical,User performed an unusual action against a sensitive resource.
d1426914-db84-416c-bd73-0ae10285036d,access_log,L00100621,UNUSUAL_RESOURCE_ACTION,critical,User performed an unusual action against a sensitive resource.
fede9c87-90c0-4ecf-831e-33bd9b8308d7,access_log,L00100622,UNUSUAL_RESOURCE_ACTION,critical,User performed an unusual action against a sensitive resource.
ebf85f5e-873b-4c81-8750-b397edef2bf0,access_log,L00100623,UNUSUAL_RESOURCE_ACTION,critical,User performed an unusual action against a sensitive resource.
61a6c5c3-0673-4a80-8c58-782e13abb75c,access_log,L00100624,UNUSUAL_RESOURCE_ACTION,critical,User performed an unusual action against a sensitive resource.
0476895f-d94d-4542-b74f-03ebbf555ed4,access_log,L00100625,UNUSUAL_RESOURCE_ACTION,critical,User performed an unusual action against a sensitive resource.
c8e73f05-7cc3-4a8e-9af6-bd266e27436b,access_log,L00100626,UNUSUAL_RESOURCE_ACTION,critical,User performed an unusual action against a sensitive resource.
518e32e0-da00-496b-9190-1676b7de2a6d,access_log,L00100627,UNUSUAL_RESOURCE_ACTION,critical,User performed an unusual action against a sensitive resource.
1bbe8b11-cb0a-43e7-a23e-b77569f9873e,access_log,L00100628,UNUSUAL_RESOURCE_ACTION,critical,User performed an unusual action against a sensitive resource.
c583837b-d6c8-49ca-9334-8e148905e2bd,access_log,L00100629,UNUSUAL_RESOURCE_ACTION,critical,User performed an unusual action against a sensitive resource.
0d618a78-3f73-4e4b-9bf1-430b71efeb5a,access_log,L00100630,UNUSUAL_RESOURCE_ACTION,critical,User performed an unusual action against a sensitive resource.
f240ca16-1a24-4cc1-b96b-c03b848b86c9,access_log,L00100631,UNUSUAL_RESOURCE_ACTION,critical,User performed an unusual action against a sensitive resource.
822697bc-8752-4b32-9551-7d820708f6c9,access_log,L00100632,UNUSUAL_RESOURCE_ACTION,critical,User performed an unusual action against a sensitive resource.
4c3837b7-ae0d-4f5b-bf5b-cd5fdc806cba,access_log,L00100633,UNUSUAL_RESOURCE_ACTION,critical,User performed an unusual action against a sensitive resource.
cbf0537f-bfa8-4aab-bfa5-ca1232f84aae,access_log,L00100634,UNUSUAL_RESOURCE_ACTION,critical,User performed an unusual action against a sensitive resource.
8f2d8217-3a17-4929-a902-64e972792d42,access_log,L00100635,UNUSUAL_RESOURCE_ACTION,critical,User performed an unusual action against a sensitive resource.
0dd5f575-7720-4fb1-be6a-47de1f5ca4c4,access_log,L00100636,UNUSUAL_RESOURCE_ACTION,critical,User performed an unusual action against a sensitive resource.
8959b984-fec5-43a0-bc06-bb05c43cb1e1,access_log,L00100637,UNUSUAL_RESOURCE_ACTION,critical,User performed an unusual action against a sensitive resource.
a479c231-ec1d-4b56-b25b-b6b293a6676f,access_log,L00100638,UNUSUAL_RESOURCE_ACTION,critical,User performed an unusual action against a sensitive resource.
75d5cb81-b800-4f5c-a3d2-c676d4e94823,access_log,L00100639,UNUSUAL_RESOURCE_ACTION,critical,User performed an unusual action against a sensitive resource.
00680f79-5d31-4210-b83f-e4f20a61708f,access_log,L00100640,UNUSUAL_RESOURCE_ACTION,critical,User performed an unusual action against a sensitive resource.
bd738586-adcc-4e44-b531-8673affdcbc8,access_log,L00100641,UNUSUAL_RESOURCE_ACTION,critical,User performed an unusual action against a sensitive resource.
18cd4d28-ecd1-482b-aec5-63d829659901,access_log,L00100642,UNUSUAL_RESOURCE_ACTION,critical,User performed an unusual action against a sensitive resource.
fe749521-5ea0-4558-b798-ea05daab42ed,access_log,L00100643,UNUSUAL_RESOURCE_ACTION,critical,User performed an unusual action against a sensitive resource.
af2354b4-1007-43a8-8566-c47d7f134cad,access_log,L00100644,UNUSUAL_RESOURCE_ACTION,critical,User performed an unusual action against a sensitive resource.
7157a421-23ca-47bc-be8f-5030d3a7c454,access_log,L00100645,UNUSUAL_RESOURCE_ACTION,critical,User performed an unusual action against a sensitive resource.
f7d19559-e853-4948-8866-cdb5d022089b,access_log,L00100646,UNUSUAL_RESOURCE_ACTION,critical,User performed an unusual action against a sensitive resource.
80b26e6f-c02b-4f9f-b6a7-25a1e2c0c0f8,access_log,L00100647,UNUSUAL_RESOURCE_ACTION,critical,User performed an unusual action against a sensitive resource.
b9ed16d8-8f60-4620-93a7-ba2847349724,access_log,L00100648,UNUSUAL_RESOURCE_ACTION,critical,User performed an unusual action against a sensitive resource.
4d31f111-073c-4841-a4e2-f4ada281419e,access_log,L00100649,UNUSUAL_RESOURCE_ACTION,critical,User performed an unusual action against a sensitive resource.
6304fcef-5132-437f-af1d-22133a967cc5,access_log,L00100650,UNUSUAL_RESOURCE_ACTION,critical,User performed an unusual action against a sensitive resource.
c0f19dfd-38d6-4940-85ea-245e00fa92c6,access_log,L00100651,UNUSUAL_RESOURCE_ACTION,critical,User performed an unusual action against a sensitive resource.
53bcbccc-dca5-419a-85b6-2f904e536cc1,access_log,L00100652,UNUSUAL_RESOURCE_ACTION,critical,User performed an unusual action against a sensitive resource.
d62cd1c4-e202-4441-a996-a652ae739894,access_log,L00100653,UNUSUAL_RESOURCE_ACTION,critical,User performed an unusual action against a sensitive resource.
489ba56d-6260-4175-92e6-f86f65cc9431,access_log,L00100654,UNUSUAL_RESOURCE_ACTION,critical,User performed an unusual action against a sensitive resource.
18bf208a-1357-4018-909c-a474774eb666,access_log,L00100655,UNUSUAL_RESOURCE_ACTION,critical,User performed an unusual action against a sensitive resource.
06f70064-8c11-4404-bd34-89cc37d78e74,access_log,L00100656,UNUSUAL_RESOURCE_ACTION,critical,User performed an unusual action against a sensitive resource.
bad71f1e-3cad-459e-9b59-6c9a8552598d,access_log,L00100657,UNUSUAL_RESOURCE_ACTION,critical,User performed an unusual action against a sensitive resource.
27be964c-20a0-4161-b164-89fc43ec475a,access_log,L00100658,UNUSUAL_RESOURCE_ACTION,critical,User performed an unusual action against a sensitive resource.
2c963762-b5fe-4a51-9a76-22e44ba79887,access_log,L00100659,UNUSUAL_RESOURCE_ACTION,critical,User performed an unusual action against a sensitive resource.
a2d122d7-1933-4c1f-aa05-c6af832ed91c,access_log,L00100660,UNUSUAL_RESOURCE_ACTION,critical,User performed an unusual action against a sensitive resource.
9b0c9d3c-986b-48cc-8178-b9c8a6aee018,access_log,L00100661,UNUSUAL_RESOURCE_ACTION,critical,User performed an unusual action against a sensitive resource.
51c52173-5651-4eea-9d27-df8efab18a70,access_log,L00100662,UNUSUAL_RESOURCE_ACTION,critical,User performed an unusual action against a sensitive resource.
849f6ab3-c816-47c5-ba2a-79627a8c77c4,access_log,L00100663,UNUSUAL_RESOURCE_ACTION,critical,User performed an unusual action against a sensitive resource.
46c595be-2d0b-4e00-8822-c2a59fbecf2b,access_log,L00100664,UNUSUAL_RESOURCE_ACTION,critical,User performed an unusual action against a sensitive resource.
146d458f-f001-409f-8864-77895d8c8030,access_log,L00100665,UNUSUAL_RESOURCE_ACTION,critical,User performed an unusual action against a sensitive resource.
6988f494-7f53-4aaa-8175-a8f9684550bf,access_log,L00100666,UNUSUAL_RESOURCE_ACTION,critical,User performed an unusual action against a sensitive resource.
8f55d53b-38df-4648-98cf-d0fa9e59dc67,access_log,L00100667,UNUSUAL_RESOURCE_ACTION,critical,User performed an unusual action against a sensitive resource.
5115606f-e982-4436-b063-967e90aa650e,access_log,L00100668,UNUSUAL_RESOURCE_ACTION,critical,User performed an unusual action against a sensitive resource.
66b26ccc-6e09-464f-bb4a-6396669d1e22,access_log,L00100669,UNUSUAL_RESOURCE_ACTION,critical,User performed an unusual action against a sensitive resource.
f2dbe3bc-7b38-4cdc-9296-5a1bb88d2824,access_log,L00100670,UNUSUAL_RESOURCE_ACTION,critical,User performed an unusual action against a sensitive resource.
5676f4c5-f29c-4e1a-bf9b-c2d41622feaf,access_log,L00100671,UNUSUAL_RESOURCE_ACTION,critical,User performed an unusual action against a sensitive resource.
18a7bed4-5dde-4207-aeec-df7281c22c9d,access_log,L00100672,UNUSUAL_RESOURCE_ACTION,critical,User performed an unusual action against a sensitive resource.
aec1762a-9565-4a98-b858-b9d48d019ff2,access_log,L00100673,UNUSUAL_RESOURCE_ACTION,critical,User performed an unusual action against a sensitive resource.
c41dc50d-34b8-4bd0-9a21-f5461117bdfc,access_log,L00100674,UNUSUAL_RESOURCE_ACTION,critical,User performed an unusual action against a sensitive resource.
6f4809dc-ef73-420d-a506-4c9bef61c705,access_log,L00100675,UNUSUAL_RESOURCE_ACTION,critical,User performed an unusual action against a sensitive resource.
bcc7cc2d-8b55-401c-9c81-611adf2ed932,access_log,L00100676,UNUSUAL_RESOURCE_ACTION,critical,User performed an unusual action against a sensitive resource.
d159e761-6860-47c8-978f-d80548097e32,access_log,L00100677,UNUSUAL_RESOURCE_ACTION,critical,User performed an unusual action against a sensitive resource.
58bf9b9a-07a0-4fbd-a59b-3edb74bad395,access_log,L00100678,UNUSUAL_RESOURCE_ACTION,critical,User performed an unusual action against a sensitive resource.
19b36f56-3249-46c3-b95e-5ba376ba9861,access_log,L00100679,UNUSUAL_RESOURCE_ACTION,critical,User performed an unusual action against a sensitive resource.
303e756e-bd40-4315-a89c-7564f71c16c8,access_log,L00100680,UNUSUAL_RESOURCE_ACTION,critical,User performed an unusual action against a sensitive resource.
b403822a-087d-426a-9910-be9cb3bca910,access_log,L00100681,UNUSUAL_RESOURCE_ACTION,critical,User performed an unusual action against a sensitive resource.
982cf321-4021-40de-88ef-38b71afed321,access_log,L00100682,UNUSUAL_RESOURCE_ACTION,critical,User performed an unusual action against a sensitive resource.
3e4e7185-bb91-4aeb-a605-76eb8cf6bffc,access_log,L00100683,UNUSUAL_RESOURCE_ACTION,critical,User performed an unusual action against a sensitive resource.
aa6a569a-5832-42aa-a3ca-8652e2dc6537,access_log,L00100684,UNUSUAL_RESOURCE_ACTION,critical,User performed an unusual action against a sensitive resource.
5e9fda96-6b6f-4e9f-b339-20d41dafa5b1,access_log,L00100685,UNUSUAL_RESOURCE_ACTION,critical,User performed an unusual action against a sensitive resource.
0bbc6ecb-5725-4639-aaa7-2bb3f8ab5eaf,access_log,L00100686,UNUSUAL_RESOURCE_ACTION,critical,User performed an unusual action against a sensitive resource.
e4094839-4678-4786-9831-a8012c8bc5bf,access_log,L00100687,UNUSUAL_RESOURCE_ACTION,critical,User performed an unusual action against a sensitive resource.
26ca9b57-815a-4f32-a107-f57a3c79ca09,access_log,L00100688,UNUSUAL_RESOURCE_ACTION,critical,User performed an unusual action against a sensitive resource.
4b49e425-053b-44a8-89f1-5662350b6145,access_log,L00100689,UNUSUAL_RESOURCE_ACTION,critical,User performed an unusual action against a sensitive resource.
ee8d0a2c-2a0a-4cca-b55e-2026beb66d13,access_log,L00100690,UNUSUAL_RESOURCE_ACTION,critical,User performed an unusual action against a sensitive resource.
44ae433c-8923-42bf-aa66-c0a674786996,access_log,L00100691,UNUSUAL_RESOURCE_ACTION,critical,User performed an unusual action against a sensitive resource.
327a0961-d9ab-4a66-9fb6-99a92c914154,access_log,L00100692,UNUSUAL_RESOURCE_ACTION,critical,User performed an unusual action against a sensitive resource.
0eacb18a-1dd7-442d-9dfd-3f67ec54a8d3,access_log,L00100693,UNUSUAL_RESOURCE_ACTION,critical,User performed an unusual action against a sensitive resource.
591602fa-9803-4cc0-b7a3-df5a4f13284c,access_log,L00100694,UNUSUAL_RESOURCE_ACTION,critical,User performed an unusual action against a sensitive resource.
6c0b706f-ac51-4ffb-ae15-8f87ead5217e,access_log,L00100695,UNUSUAL_RESOURCE_ACTION,critical,User performed an unusual action against a sensitive resource.
8b953174-8bab-4560-a727-3e3195eef88c,access_log,L00100696,UNUSUAL_RESOURCE_ACTION,critical,User performed an unusual action against a sensitive resource.
da410772-4ab4-4854-b10b-ae3d1cff6d41,access_log,L00100697,UNUSUAL_RESOURCE_ACTION,critical,User performed an unusual action against a sensitive resource.
d667fc6b-1239-437a-be27-04841dc6c809,access_log,L00100698,UNUSUAL_RESOURCE_ACTION,critical,User performed an unusual action against a sensitive resource.
7e666db8-1b27-46ce-86d3-eec62c757266,access_log,L00100699,UNUSUAL_RESOURCE_ACTION,critical,User performed an unusual action against a sensitive resource.
d535e00c-b63f-47d6-aaaa-efa28eb9c130,access_log,L00100700,UNUSUAL_RESOURCE_ACTION,critical,User performed an unusual action against a sensitive resource.
e3e27427-1e11-4dac-a42a-6ab2970ec087,access_log,L00100701,UNUSUAL_RESOURCE_ACTION,critical,User performed an unusual action against a sensitive resource.
c9638120-d838-4196-bee8-543509c3792e,access_log,L00100702,UNUSUAL_RESOURCE_ACTION,critical,User performed an unusual action against a sensitive resource.
88e05a8c-f3d1-45ae-85f8-ca7466f30ccb,access_log,L00100703,UNUSUAL_RESOURCE_ACTION,critical,User performed an unusual action against a sensitive resource.
83f225e3-8789-411e-9073-3b54e8ce1509,access_log,L00100704,UNUSUAL_RESOURCE_ACTION,critical,User performed an unusual action against a sensitive resource.
14ccf9d0-18b8-4a30-816b-50ac881a3a67,access_log,L00100705,UNUSUAL_RESOURCE_ACTION,critical,User performed an unusual action against a sensitive resource.
adac1034-1321-4c3c-90f0-cfd0b2318a71,access_log,L00100706,UNUSUAL_RESOURCE_ACTION,critical,User performed an unusual action against a sensitive resource.
0449ca2a-101d-4737-a463-f6669f5f877e,access_log,L00100707,UNUSUAL_RESOURCE_ACTION,critical,User performed an unusual action against a sensitive resource.
7211ac35-b19c-4941-a950-15fa619d70cf,access_log,L00100708,UNUSUAL_RESOURCE_ACTION,critical,User performed an unusual action against a sensitive resource.
a90b6e20-b947-47b8-b562-8f37e4d79d16,access_log,L00100709,UNUSUAL_RESOURCE_ACTION,critical,User performed an unusual action against a sensitive resource.
a46fbc30-437c-42aa-833a-08c033e80d94,access_log,L00100710,UNUSUAL_RESOURCE_ACTION,critical,User performed an unusual action against a sensitive resource.
ca873b54-9d42-406e-8d0e-032d94e3c83e,access_log,L00100711,UNUSUAL_RESOURCE_ACTION,critical,User performed an unusual action against a sensitive resource.
0222b422-90e6-4276-b762-7310fa1e4861,access_log,L00100712,UNUSUAL_RESOURCE_ACTION,critical,User performed an unusual action against a sensitive resource.
8515a564-2f5e-4c34-835e-98e9204a8175,access_log,L00100713,UNUSUAL_RESOURCE_ACTION,critical,User performed an unusual action against a sensitive resource.
fd1c32db-dc28-4fb0-868b-5da161a420f8,access_log,L00100714,UNUSUAL_RESOURCE_ACTION,critical,User performed an unusual action against a sensitive resource.
b5313fb5-de68-405f-8ea1-c8b3a41ec5b5,access_log,L00100715,UNUSUAL_RESOURCE_ACTION,critical,User performed an unusual action against a sensitive resource.
9b129fd8-3968-43c1-aa83-0e3d580d9255,access_log,L00100716,UNUSUAL_RESOURCE_ACTION,critical,User performed an unusual action against a sensitive resource.
eba69c35-498d-4340-a6b9-a11e154058f1,access_log,L00100717,UNUSUAL_RESOURCE_ACTION,critical,User performed an unusual action against a sensitive resource.
92a57136-0d33-488f-acaa-33e066233855,access_log,L00100718,UNUSUAL_RESOURCE_ACTION,critical,User performed an unusual action against a sensitive resource.
4538fdc3-1783-424b-8aeb-a20a98311044,access_log,L00100719,UNUSUAL_RESOURCE_ACTION,critical,User performed an unusual action against a sensitive resource.
312c76df-9bf8-4d58-894e-9d18c74a67b3,access_log,L00100720,UNUSUAL_RESOURCE_ACTION,critical,User performed an unusual action against a sensitive resource.
958ab2e2-3b4f-4569-9917-be44057430b8,access_log,L00100721,UNUSUAL_RESOURCE_ACTION,critical,User performed an unusual action against a sensitive resource.
f7e743c1-fa9a-4084-90c2-ae84c6773ae1,access_log,L00100722,UNUSUAL_RESOURCE_ACTION,critical,User performed an unusual action against a sensitive resource.
e1a1708d-3bb8-4281-9a92-c0294abf8ad2,access_log,L00100723,UNUSUAL_RESOURCE_ACTION,critical,User performed an unusual action against a sensitive resource.
e3966083-bb54-4801-9dfd-3436bd80c3ca,access_log,L00100724,UNUSUAL_RESOURCE_ACTION,critical,User performed an unusual action against a sensitive resource.
63fba217-26cd-4d86-84d6-5eadaf699796,access_log,L00100725,UNUSUAL_RESOURCE_ACTION,critical,User performed an unusual action against a sensitive resource.
0a0c550b-4945-41a2-940e-8135f927ae28,access_log,L00100726,UNUSUAL_RESOURCE_ACTION,critical,User performed an unusual action against a sensitive resource.
6f22755e-16b6-48ee-a87d-0d4a32a8eb63,access_log,L00100727,UNUSUAL_RESOURCE_ACTION,critical,User performed an unusual action against a sensitive resource.
1d2e235e-48d0-49c2-83f2-f92aa74b1192,access_log,L00100728,UNUSUAL_RESOURCE_ACTION,critical,User performed an unusual action against a sensitive resource.
da60f378-dce1-4187-9428-f5bf9abd27e4,access_log,L00100729,UNUSUAL_RESOURCE_ACTION,critical,User performed an unusual action against a sensitive resource.
93cde3bb-0550-4c99-aac5-60634cba917e,access_log,L00100730,UNUSUAL_RESOURCE_ACTION,critical,User performed an unusual action against a sensitive resource.
22c8062d-1e88-4967-b129-bc7f8c0bb476,access_log,L00100731,UNUSUAL_RESOURCE_ACTION,critical,User performed an unusual action against a sensitive resource.
e7e95370-d6a3-4fca-a5a3-3175d6c78664,access_log,L00100732,UNUSUAL_RESOURCE_ACTION,critical,User performed an unusual action against a sensitive resource.
da6305bb-0b52-4d19-8008-996cf2674527,access_log,L00100733,UNUSUAL_RESOURCE_ACTION,critical,User performed an unusual action against a sensitive resource.
934bd3b9-dacd-4f8c-ac28-49ca04bda3c0,access_log,L00100734,UNUSUAL_RESOURCE_ACTION,critical,User performed an unusual action against a sensitive resource.
b0c29893-0b2f-4177-87af-91ff62f67d0f,access_log,L00100735,UNUSUAL_RESOURCE_ACTION,critical,User performed an unusual action against a sensitive resource.
0e0de266-15ae-4d36-85ef-c2264a013eed,access_log,L00100736,UNUSUAL_RESOURCE_ACTION,critical,User performed an unusual action against a sensitive resource.
b33a6125-c20c-473d-b2f2-96f44a80c83b,access_log,L00100737,UNUSUAL_RESOURCE_ACTION,critical,User performed an unusual action against a sensitive resource.
cc9a8ec7-954e-467f-9714-f2f750929568,access_log,L00100738,UNUSUAL_RESOURCE_ACTION,critical,User performed an unusual action against a sensitive resource.
7bd24a18-dabf-4cc6-9258-a93ef659569a,access_log,L00100739,UNUSUAL_RESOURCE_ACTION,critical,User performed an unusual action against a sensitive resource.
49608eb1-839e-4fd9-bff2-7f1b679a1afd,access_log,L00100740,UNUSUAL_RESOURCE_ACTION,critical,User performed an unusual action against a sensitive resource.
b22ca01f-d631-49af-8d6b-88fef1b2fef6,access_log,L00100741,UNUSUAL_RESOURCE_ACTION,critical,User performed an unusual action against a sensitive resource.
fddf6471-3cd0-4816-ab98-c629ad84244d,access_log,L00100742,UNUSUAL_RESOURCE_ACTION,critical,User performed an unusual action against a sensitive resource.
647c2901-e7eb-410c-8b18-9a44b33f3716,access_log,L00100743,UNUSUAL_RESOURCE_ACTION,critical,User performed an unusual action against a sensitive resource.
13915dc6-150d-499c-b690-743a5124818c,access_log,L00100744,UNUSUAL_RESOURCE_ACTION,critical,User performed an unusual action against a sensitive resource.
981a225b-38b6-4457-81e1-35432046fcbc,access_log,L00100745,UNUSUAL_RESOURCE_ACTION,critical,User performed an unusual action against a sensitive resource.
39713dd3-6b27-4b73-9006-1aaa77c0492c,access_log,L00100746,UNUSUAL_RESOURCE_ACTION,critical,User performed an unusual action against a sensitive resource.
e2403f55-ee49-4489-bff1-dc88b65a1740,access_log,L00100747,UNUSUAL_RESOURCE_ACTION,critical,User performed an unusual action against a sensitive resource.
2717ee5b-53f3-4313-8d5b-b6c29ce8d5c7,access_log,L00100748,UNUSUAL_RESOURCE_ACTION,critical,User performed an unusual action against a sensitive resource.
6b5a613d-80e0-4fba-b0c1-c67bd2755ba3,access_log,L00100749,UNUSUAL_RESOURCE_ACTION,critical,User performed an unusual action against a sensitive resource.
95f2719d-8948-4d6b-aaad-3ef749d95177,access_log,L00100750,UNUSUAL_RESOURCE_ACTION,critical,User performed an unusual action against a sensitive resource.
447adda7-8f47-439a-8b36-1a6dab0c0bad,access_log,L00100751,UNUSUAL_RESOURCE_ACTION,critical,User performed an unusual action against a sensitive resource.
94f2e5ba-8fba-4f4f-a56c-c048a0f3fc17,access_log,L00100752,UNUSUAL_RESOURCE_ACTION,critical,User performed an unusual action against a sensitive resource.
844baa96-e31e-4dc3-907c-bcdeeccb6578,access_log,L00100753,UNUSUAL_RESOURCE_ACTION,critical,User performed an unusual action against a sensitive resource.
a3f95f42-a1c2-4c0f-953a-1e544d91f367,access_log,L00100754,UNUSUAL_RESOURCE_ACTION,critical,User performed an unusual action against a sensitive resource.
b6b36e63-12a1-4c72-bcc7-bc09d37cf67e,access_log,L00100755,UNUSUAL_RESOURCE_ACTION,critical,User performed an unusual action against a sensitive resource.
15d12467-aa66-4dff-b999-3b87cd7e1932,access_log,L00100756,UNUSUAL_RESOURCE_ACTION,critical,User performed an unusual action against a sensitive resource.
4f75ecd2-139d-4095-818e-3057db6d9f16,access_log,L00100757,UNUSUAL_RESOURCE_ACTION,critical,User performed an unusual action against a sensitive resource.
bfc7c283-5cbd-4058-b74d-3f75383369ef,access_log,L00100758,UNUSUAL_RESOURCE_ACTION,critical,User performed an unusual action against a sensitive resource.
564b802e-2589-4202-bc87-e703ebc76ec7,access_log,L00100759,UNUSUAL_RESOURCE_ACTION,critical,User performed an unusual action against a sensitive resource.
c624f291-ea4e-43ff-b692-75c63d265bbf,access_log,L00100760,UNUSUAL_RESOURCE_ACTION,critical,User performed an unusual action against a sensitive resource.
ac5f3c64-0cfb-453a-80fd-4a022986e475,access_log,L00100761,UNUSUAL_RESOURCE_ACTION,critical,User performed an unusual action against a sensitive resource.
28527e38-252e-424f-b518-3cdb2dde34e1,access_log,L00100762,UNUSUAL_RESOURCE_ACTION,critical,User performed an unusual action against a sensitive resource.
9bfd1b56-f93f-4c4a-af90-0dfefd8ce0aa,access_log,L00100763,UNUSUAL_RESOURCE_ACTION,critical,User performed an unusual action against a sensitive resource.
a6b52210-c4bf-4ea7-87cf-bd517266c539,access_log,L00100764,UNUSUAL_RESOURCE_ACTION,critical,User performed an unusual action against a sensitive resource.
ae3bcf90-3c27-42d5-89aa-e699391a7d22,access_log,L00100765,UNUSUAL_RESOURCE_ACTION,critical,User performed an unusual action against a sensitive resource.
8acb67c8-0b05-4b13-9c7e-4a11c0e81e6e,access_log,L00100766,UNUSUAL_RESOURCE_ACTION,critical,User performed an unusual action against a sensitive resource.
559ca225-5496-4aa0-80ea-4815dc473e2f,access_log,L00100767,UNUSUAL_RESOURCE_ACTION,critical,User performed an unusual action against a sensitive resource.
57522c91-5c65-49c2-8b02-22eb229e9f80,access_log,L00100768,UNUSUAL_RESOURCE_ACTION,critical,User performed an unusual action against a sensitive resource.
a9223272-c14a-4ac6-b8a0-1346c298c77f,access_log,L00100769,UNUSUAL_RESOURCE_ACTION,critical,User performed an unusual action against a sensitive resource.
b78d2e4d-f4a7-4ea9-8c6c-670d93236b50,access_log,L00100770,UNUSUAL_RESOURCE_ACTION,critical,User performed an unusual action against a sensitive resource.
347289d4-2beb-49d2-bc45-7a290fae5f05,access_log,L00100771,UNUSUAL_RESOURCE_ACTION,critical,User performed an unusual action against a sensitive resource.
fb3390da-6f7b-4673-adf5-a2bd8df57cc9,access_log,L00100772,UNUSUAL_RESOURCE_ACTION,critical,User performed an unusual action against a sensitive resource.
bc412e84-53b0-432e-8179-8ee658d9081e,access_log,L00100773,UNUSUAL_RESOURCE_ACTION,critical,User performed an unusual action against a sensitive resource.
d249b993-b3ae-4dee-9c8c-7a3269a87170,access_log,L00100774,UNUSUAL_RESOURCE_ACTION,critical,User performed an unusual action against a sensitive resource.
f0842950-f3f0-423b-b54b-0cae145f6e11,access_log,L00100775,UNUSUAL_RESOURCE_ACTION,critical,User performed an unusual action against a sensitive resource.
a1df05e3-fb53-4d39-93b8-3d5448b5b32c,access_log,L00100776,UNUSUAL_RESOURCE_ACTION,critical,User performed an unusual action against a sensitive resource.
a519af63-81bc-4ca4-9055-864a61ba20a4,access_log,L00100777,UNUSUAL_RESOURCE_ACTION,critical,User performed an unusual action against a sensitive resource.
8aa9aacc-12f8-48d3-8102-74de64e9c83a,access_log,L00100778,UNUSUAL_RESOURCE_ACTION,critical,User performed an unusual action against a sensitive resource.
3a8688aa-3263-4f10-9826-94ad15d8bbaf,access_log,L00100779,UNUSUAL_RESOURCE_ACTION,critical,User performed an unusual action against a sensitive resource.
371da78b-dc98-4b2e-a9d4-073d8f2f2f3a,access_log,L00100780,UNUSUAL_RESOURCE_ACTION,critical,User performed an unusual action against a sensitive resource.
b96193a0-0842-42d9-9538-95c958376db0,access_log,L00100781,UNUSUAL_RESOURCE_ACTION,critical,User performed an unusual action against a sensitive resource.
ef0d0d57-3b8a-4c92-a917-31a5919673f4,access_log,L00100782,UNUSUAL_RESOURCE_ACTION,critical,User performed an unusual action against a sensitive resource.
b688cf5e-62b5-4571-abd6-ea5741bda925,access_log,L00100783,UNUSUAL_RESOURCE_ACTION,critical,User performed an unusual action against a sensitive resource.
e5d48986-d9d3-4ce8-8c8f-62c670cc70e0,access_log,L00100784,UNUSUAL_RESOURCE_ACTION,critical,User performed an unusual action against a sensitive resource.
3fc15baf-3b2b-4ed3-ba5f-9c95ecdfa044,access_log,L00100785,UNUSUAL_RESOURCE_ACTION,critical,User performed an unusual action against a sensitive resource.
a3c64a20-a6c0-4efb-8e18-96dbe9df9497,access_log,L00100786,UNUSUAL_RESOURCE_ACTION,critical,User performed an unusual action against a sensitive resource.
5812aa79-9300-48db-bfbc-81a60155536f,access_log,L00100787,UNUSUAL_RESOURCE_ACTION,critical,User performed an unusual action against a sensitive resource.
863be9df-537d-435d-9170-8592e24ed6c4,access_log,L00100788,UNUSUAL_RESOURCE_ACTION,critical,User performed an unusual action against a sensitive resource.
32e0c042-3f1d-4c3c-abf2-3bb04a4e4b0d,access_log,L00100789,UNUSUAL_RESOURCE_ACTION,critical,User performed an unusual action against a sensitive resource.
b6a9ecb7-6fa6-4da9-869f-8c4bbe97025b,access_log,L00100790,UNUSUAL_RESOURCE_ACTION,critical,User performed an unusual action against a sensitive resource.
d441d926-d796-479e-ac9c-23a752202634,access_log,L00100791,UNUSUAL_RESOURCE_ACTION,critical,User performed an unusual action against a sensitive resource.
47c9964d-e5e8-4205-a5d4-c5d8014d3c2e,access_log,L00100792,UNUSUAL_RESOURCE_ACTION,critical,User performed an unusual action against a sensitive resource.
439070e1-92b8-4489-940c-41b05552436f,access_log,L00100793,UNUSUAL_RESOURCE_ACTION,critical,User performed an unusual action against a sensitive resource.
37e60553-a85d-4bde-b873-6f0d474e9a19,access_log,L00100794,UNUSUAL_RESOURCE_ACTION,critical,User performed an unusual action against a sensitive resource.
ea50fac6-c7d8-49ea-a240-1789136eaa5a,access_log,L00100795,UNUSUAL_RESOURCE_ACTION,critical,User performed an unusual action against a sensitive resource.
5e0799d0-6cfb-4d21-ba68-af64f5a0d3bf,access_log,L00100796,UNUSUAL_RESOURCE_ACTION,critical,User performed an unusual action against a sensitive resource.
abaf59f1-3f12-4933-99c4-b9a24e95ed56,access_log,L00100797,UNUSUAL_RESOURCE_ACTION,critical,User performed an unusual action against a sensitive resource.
d3461440-720e-49e4-a990-1769487eb2f3,access_log,L00100798,UNUSUAL_RESOURCE_ACTION,critical,User performed an unusual action against a sensitive resource.
e98e28cb-993c-4a65-8a22-fcf675fd0ed8,access_log,L00100799,UNUSUAL_RESOURCE_ACTION,critical,User performed an unusual action against a sensitive resource.
db3bd967-c910-4ff3-b347-f47002415b17,access_log,L00100800,UNUSUAL_RESOURCE_ACTION,critical,User performed an unusual action against a sensitive resource.
